OBJECTID,IN_FID,NEAR_FID,NEAR_DIST,NEAR_RANK,X_COTIZADO,Y_COTIZADO,X_PENDIENTE,Y_PENDIENTE,DISTANCIA,CODIGO_PENDIENTE,CODIGO_COTIZADO,CODIGO_N
1,1,1713,54.371462928733834,1,-76.97237879999994,-12.154656599999953,-76.97211999999996,-12.155077000999938,54.37,2019-05-121498,2019-01-94968,ClusterSimple_2019-05-121498
2,1,6121,80.29192335076688,2,-76.97241089999994,-12.15574399999997,-76.97211999999996,-12.155077000999938,80.29,2019-05-121498,2019-04-115815,ClusterSimple_2019-05-121498
3,1,1681,98.19440284153461,3,-76.97284589999998,-12.15454989999995,-76.97211999999996,-12.155077000999938,98.19,2019-05-121498,2019-01-94870,ClusterSimple_2019-05-121498
4,1,1008,105.08309276563334,4,-76.97269069999999,-12.155843199999936,-76.97211999999996,-12.155077000999938,105.08,2019-05-121498,2019-01-91343,ClusterSimple_2019-05-121498
5,1,151,114.20599807852228,5,-76.97255757999994,-12.154138669999952,-76.97211999999996,-12.155077000999938,114.21,2019-05-121498,2018-12-87095,ClusterSimple_2019-05-121498
6,1,5699,148.6184450865716,6,-76.97266937999996,-12.156306929999971,-76.97211999999996,-12.155077000999938,148.62,2019-05-121498,2019-04-113206,ClusterSimple_2019-05-121498
7,1,5540,154.49918920825485,7,-76.97235829999994,-12.153700199999946,-76.97211999999996,-12.155077000999938,154.5,2019-05-121498,2019-03-112316,ClusterSimple_2019-05-121498
8,1,4175,156.86591964167903,8,-76.97160304999994,-12.15375333999998,-76.97211999999996,-12.155077000999938,156.87,2019-05-121498,2019-03-107067,ClusterSimple_2019-05-121498
9,1,4394,157.67351003159615,9,-76.97185311999993,-12.153676079999968,-76.97211999999996,-12.155077000999938,157.67,2019-05-121498,2019-03-107881,ClusterSimple_2019-05-121498
10,1,788,168.49247352723813,10,-76.97267199999999,-12.156499999999937,-76.97211999999996,-12.155077000999938,168.49,2019-05-121498,2018-12-90118,ClusterSimple_2019-05-121498
11,2,1253,0.00011062156409025192,1,-77.02562699999999,-12.112021399999946,-77.02562699999999,-12.112021400999936,0.0,2019-05-120766,2019-01-92537,ClusterSimple_2019-05-120766
12,2,2380,0.00011062156409025192,1,-77.02562699999999,-12.112021399999946,-77.02562699999999,-12.112021400999936,0.0,2019-05-120766,2019-02-99104,ClusterSimple_2019-05-120766
13,2,6061,60.84744002113087,2,-77.02556829999997,-12.111474399999963,-77.02562699999999,-12.112021400999936,60.85,2019-05-120766,2019-04-115447,ClusterSimple_2019-05-120766
14,2,5939,141.3569191733236,3,-77.02453299999996,-12.111332999999945,-77.02562699999999,-12.112021400999936,141.36,2019-05-120766,2019-04-114846,ClusterSimple_2019-05-120766
15,2,4673,182.99568858319634,4,-77.02526079999996,-12.113635899999963,-77.02562699999999,-12.112021400999936,183.0,2019-05-120766,2019-03-108717,ClusterSimple_2019-05-120766
16,2,5621,209.31065278865117,5,-77.02407071999994,-12.113132599999972,-77.02562699999999,-12.112021400999936,209.31,2019-05-120766,2019-04-112788,ClusterSimple_2019-05-120766
17,2,249,250.3278123254263,6,-77.02390529999997,-12.113521499999933,-77.02562699999999,-12.112021400999936,250.33,2019-05-120766,2018-12-87464,ClusterSimple_2019-05-120766
18,2,6112,258.7236544590342,7,-77.02384730999995,-12.113571539999953,-77.02562699999999,-12.112021400999936,258.72,2019-05-120766,2019-04-115751,ClusterSimple_2019-05-120766
19,2,4275,259.4637384847892,8,-77.02357699999999,-12.11321799999996,-77.02562699999999,-12.112021400999936,259.46,2019-05-120766,2019-03-107483,ClusterSimple_2019-05-120766
20,2,3625,379.12640738484805,9,-77.02799579999999,-12.114533799999947,-77.02562699999999,-12.112021400999936,379.13,2019-05-120766,2019-02-105130,ClusterSimple_2019-05-120766
21,3,1943,0.00011062226258218288,1,-77.01605359999996,-12.109209699999951,-77.01605359999996,-12.10920970099994,0.0,2019-05-120815,2019-01-97189,ClusterSimple_2019-05-120815
22,3,3588,0.00011062226258218288,1,-77.01605359999996,-12.109209699999951,-77.01605359999996,-12.10920970099994,0.0,2019-05-120815,2019-02-104974,ClusterSimple_2019-05-120815
23,3,3745,0.00011062226258218288,1,-77.01605359999996,-12.109209699999951,-77.01605359999996,-12.10920970099994,0.0,2019-05-120815,2019-02-105571,ClusterSimple_2019-05-120815
24,3,5501,0.00011062226258218288,1,-77.01605359999996,-12.109209699999951,-77.01605359999996,-12.10920970099994,0.0,2019-05-120815,2019-03-112167,ClusterSimple_2019-05-120815
25,3,5923,0.00011062226258218288,1,-77.01605359999996,-12.109209699999951,-77.01605359999996,-12.10920970099994,0.0,2019-05-120815,2019-04-114766,ClusterSimple_2019-05-120815
26,3,3102,77.02539771527599,2,-77.01674839999998,-12.109077999999954,-77.01605359999996,-12.10920970099994,77.03,2019-05-120815,2019-02-102892,ClusterSimple_2019-05-120815
27,3,1600,150.06587670263315,3,-77.01733149999995,-12.108700899999974,-77.01605359999996,-12.10920970099994,150.07,2019-05-120815,2019-01-94551,ClusterSimple_2019-05-120815
28,3,1652,157.40515635080985,4,-77.01471589999994,-12.108669499999962,-77.01605359999996,-12.10920970099994,157.41,2019-05-120815,2019-01-94777,ClusterSimple_2019-05-120815
29,3,1682,157.40515635080985,4,-77.01471589999994,-12.108669499999962,-77.01605359999996,-12.10920970099994,157.41,2019-05-120815,2019-01-94871,ClusterSimple_2019-05-120815
30,3,3087,182.71244832223118,5,-77.01766919999994,-12.108761999999956,-77.01605359999996,-12.10920970099994,182.71,2019-05-120815,2019-02-102789,ClusterSimple_2019-05-120815
31,4,385,0.00011062179692089558,1,-77.03848189999997,-12.104811599999948,-77.03848189999997,-12.104811600999938,0.0,2019-05-121038,2018-12-88162,ClusterSimple_2019-05-121038
32,4,4482,99.18996366994932,2,-77.03774339999995,-12.104286399999978,-77.03848189999997,-12.104811600999938,99.19,2019-05-121038,2019-03-108214,ClusterSimple_2019-05-121038
33,4,2863,128.19662976963883,3,-77.03748859999996,-12.105434099999968,-77.03848189999997,-12.104811600999938,128.2,2019-05-121038,2019-02-101920,ClusterSimple_2019-05-121038
34,4,2951,148.40131810287556,4,-77.03736609999999,-12.104040899999973,-77.03848189999997,-12.104811600999938,148.4,2019-05-121038,2019-02-102236,ClusterSimple_2019-05-121038
35,4,4476,160.74160448456698,5,-77.03762879999994,-12.10362559999993,-77.03848189999997,-12.104811600999938,160.74,2019-05-121038,2019-03-108200,ClusterSimple_2019-05-121038
36,4,2779,193.35112799913264,6,-77.03896979999996,-12.106492199999934,-77.03848189999997,-12.104811600999938,193.35,2019-05-121038,2019-02-101578,ClusterSimple_2019-05-121038
37,4,2676,212.5175834300196,7,-77.03883339999999,-12.10670129999994,-77.03848189999997,-12.104811600999938,212.52,2019-05-121038,2019-02-100790,ClusterSimple_2019-05-121038
38,4,3174,237.1428146332687,8,-77.03852899999998,-12.106954799999926,-77.03848189999997,-12.104811600999938,237.14,2019-05-121038,2019-02-103315,ClusterSimple_2019-05-121038
39,4,2943,256.2696591750457,9,-77.03698529999997,-12.10659979999997,-77.03848189999997,-12.104811600999938,256.27,2019-05-121038,2019-02-102217,ClusterSimple_2019-05-121038
40,4,5291,259.64743731225786,10,-77.03631199999995,-12.105785999999966,-77.03848189999997,-12.104811600999938,259.65,2019-05-121038,2019-03-110907,ClusterSimple_2019-05-121038
41,5,6138,88.55473282761139,1,-77.02106233999996,-12.10302452999997,-77.02092179999994,-12.103813000999935,88.55,2019-05-121292,2019-04-115882,ClusterSimple_2019-05-121292
42,5,2728,92.84848717294868,2,-77.02159089999998,-12.104333499999939,-77.02092179999994,-12.103813000999935,92.85,2019-05-121292,2019-02-101327,ClusterSimple_2019-05-121292
43,5,6411,142.12340051528219,3,-77.02138839999998,-12.105012899999963,-77.02092179999994,-12.103813000999935,142.12,2019-05-121292,2019-04-117747,ClusterSimple_2019-05-121292
44,5,5033,156.56531656372263,4,-77.01977799999997,-12.10467099999994,-77.02092179999994,-12.103813000999935,156.57,2019-05-121292,2019-03-109971,ClusterSimple_2019-05-121292
45,5,870,167.7155221754099,5,-77.02077289999994,-12.102303999999947,-77.02092179999994,-12.103813000999935,167.72,2019-05-121292,2018-12-90568,ClusterSimple_2019-05-121292
46,5,2019,167.97593006918635,6,-77.02230699999996,-12.10314399999993,-77.02092179999994,-12.103813000999935,167.98,2019-05-121292,2019-01-97376,ClusterSimple_2019-05-121292
47,5,1377,168.99608405484395,7,-77.02130299999999,-12.102332099999956,-77.02092179999994,-12.103813000999935,169.0,2019-05-121292,2019-01-93417,ClusterSimple_2019-05-121292
48,5,1828,169.28534556521515,8,-77.02142447999995,-12.102364869999974,-77.02092179999994,-12.103813000999935,169.29,2019-05-121292,2019-01-95529,ClusterSimple_2019-05-121292
49,5,3088,189.16365912675798,9,-77.02242899999999,-12.104663999999957,-77.02092179999994,-12.103813000999935,189.16,2019-05-121292,2019-02-102802,ClusterSimple_2019-05-121292
50,5,5653,189.16365912675798,9,-77.02242899999999,-12.104663999999957,-77.02092179999994,-12.103813000999935,189.16,2019-05-121292,2019-04-112934,ClusterSimple_2019-05-121292
51,6,5251,0.00011062202975153923,1,-77.03236929999997,-12.101475299999947,-77.03236929999997,-12.101475300999937,0.0,2019-05-121155,2019-03-110748,ClusterSimple_2019-05-121155
52,6,6273,0.00011062202975153923,1,-77.03236929999997,-12.101475299999947,-77.03236929999997,-12.101475300999937,0.0,2019-05-121155,2019-04-116881,ClusterSimple_2019-05-121155
53,6,4313,98.98138639860791,2,-77.03228939999997,-12.10058399999997,-77.03236929999997,-12.101475300999937,98.98,2019-05-121155,2019-03-107655,ClusterSimple_2019-05-121155
54,6,5518,213.2339568319464,3,-77.03043809999997,-12.101153099999976,-77.03236929999997,-12.101475300999937,213.23,2019-05-121155,2019-03-112205,ClusterSimple_2019-05-121155
55,6,6076,257.59626393124904,4,-77.03084019999994,-12.103252399999974,-77.03236929999997,-12.101475300999937,257.6,2019-05-121155,2019-04-115490,ClusterSimple_2019-05-121155
56,6,5308,276.66697685398333,5,-77.03136799999999,-12.10377399999993,-77.03236929999997,-12.101475300999937,276.67,2019-05-121155,2019-03-110977,ClusterSimple_2019-05-121155
57,6,2384,279.5038159001288,6,-77.03492481999996,-12.10123139999996,-77.03236929999997,-12.101475300999937,279.5,2019-05-121155,2019-02-99142,ClusterSimple_2019-05-121155
58,6,1840,326.36715429599275,7,-77.03223499999996,-12.09852799999993,-77.03236929999997,-12.101475300999937,326.37,2019-05-121155,2019-01-95616,ClusterSimple_2019-05-121155
59,6,2288,345.5908025269578,8,-77.03122126999995,-12.104387909999957,-77.03236929999997,-12.101475300999937,345.59,2019-05-121155,2019-02-98777,ClusterSimple_2019-05-121155
60,6,2281,348.17710329752356,9,-77.03121053999996,-12.104408889999945,-77.03236929999997,-12.101475300999937,348.18,2019-05-121155,2019-02-98737,ClusterSimple_2019-05-121155
61,7,5326,0.00011062156409025192,1,-77.01596129999996,-12.094154499999945,-77.01596129999996,-12.094154500999934,0.0,2019-04-117498,2019-03-111142,ClusterSimple_2019-04-117498
62,7,2397,63.05682167678653,2,-77.01645020999996,-12.093848849999972,-77.01596129999996,-12.094154500999934,63.06,2019-04-117498,2019-02-99301,ClusterSimple_2019-04-117498
63,7,1111,263.3884668802422,3,-77.01355409999996,-12.093915599999946,-77.01596129999996,-12.094154500999934,263.39,2019-04-117498,2019-01-91770,ClusterSimple_2019-04-117498
64,7,1686,299.97516682083943,4,-77.01327399999997,-12.09355499999998,-77.01596129999996,-12.094154500999934,299.98,2019-04-117498,2019-01-94885,ClusterSimple_2019-04-117498
65,7,691,312.2056729226148,5,-77.01597819999995,-12.09697669999997,-77.01596129999996,-12.094154500999934,312.21,2019-04-117498,2018-12-89766,ClusterSimple_2019-04-117498
66,7,751,312.2056729226148,5,-77.01597819999995,-12.09697669999997,-77.01596129999996,-12.094154500999934,312.21,2019-04-117498,2018-12-90030,ClusterSimple_2019-04-117498
67,7,102,316.8806706300508,6,-77.01346309999997,-12.09268439999994,-77.01596129999996,-12.094154500999934,316.88,2019-04-117498,2018-12-86829,ClusterSimple_2019-04-117498
68,7,2152,339.1177230458107,7,-77.01519274999998,-12.097125259999927,-77.01596129999996,-12.094154500999934,339.12,2019-04-117498,2019-01-98245,ClusterSimple_2019-04-117498
69,7,73,343.16312035338706,8,-77.01866399999994,-12.09575099999995,-77.01596129999996,-12.094154500999934,343.16,2019-04-117498,2018-12-86713,ClusterSimple_2019-04-117498
70,7,6462,353.5411300965251,9,-77.01866899999999,-12.09591899999998,-77.01596129999996,-12.094154500999934,353.54,2019-04-117498,2019-04-118301,ClusterSimple_2019-04-117498
71,8,102,159.2369410165191,1,-77.01346309999997,-12.09268439999994,-77.01399709999998,-12.091344300999936,159.24,2019-04-118071,2018-12-86829,ClusterSimple_2019-04-118071
72,8,1686,256.91182709062525,2,-77.01327399999997,-12.09355499999998,-77.01399709999998,-12.091344300999936,256.91,2019-04-118071,2019-01-94885,ClusterSimple_2019-04-118071
73,8,1691,268.3930937285046,3,-77.01614844999995,-12.090159409999956,-77.01399709999998,-12.091344300999936,268.39,2019-04-118071,2019-01-94918,ClusterSimple_2019-04-118071
74,8,1111,288.50435019389766,4,-77.01355409999996,-12.093915599999946,-77.01399709999998,-12.091344300999936,288.5,2019-04-118071,2019-01-91770,ClusterSimple_2019-04-118071
75,8,375,330.7002322628979,5,-77.01546559999997,-12.088727399999982,-77.01399709999998,-12.091344300999936,330.7,2019-04-118071,2018-12-88124,ClusterSimple_2019-04-118071
76,8,3387,374.03237442809643,6,-77.01294749999994,-12.088124799999946,-77.01399709999998,-12.091344300999936,374.03,2019-04-118071,2019-02-104111,ClusterSimple_2019-04-118071
77,8,5326,377.3148176582287,7,-77.01596129999996,-12.094154499999945,-77.01399709999998,-12.091344300999936,377.31,2019-04-118071,2019-03-111142,ClusterSimple_2019-04-118071
78,8,2397,384.815541737078,8,-77.01645020999996,-12.093848849999972,-77.01399709999998,-12.091344300999936,384.82,2019-04-118071,2019-02-99301,ClusterSimple_2019-04-118071
79,8,3916,389.7092523304105,9,-77.01757499999997,-12.091231999999934,-77.01399709999998,-12.091344300999936,389.71,2019-04-118071,2019-03-106204,ClusterSimple_2019-04-118071
80,8,5430,393.6968558200113,10,-77.01761199999999,-12.091243599999927,-77.01399709999998,-12.091344300999936,393.7,2019-04-118071,2019-03-111778,ClusterSimple_2019-04-118071
81,9,4408,52.04521768279176,1,-77.07283521999994,-12.090459769999939,-77.07242599999995,-12.090703000999952,52.05,2019-05-121460,2019-03-107947,ClusterSimple_2019-05-121460
82,9,5753,85.01659416853647,2,-77.07270974999994,-12.091418999999973,-77.07242599999995,-12.090703000999952,85.02,2019-05-121460,2019-04-113364,ClusterSimple_2019-05-121460
83,9,4954,110.36631121127456,3,-77.07261599999998,-12.089722999999935,-77.07242599999995,-12.090703000999952,110.37,2019-05-121460,2019-03-109660,ClusterSimple_2019-05-121460
84,9,780,180.52276989480765,4,-77.07397399999996,-12.091287999999963,-77.07242599999995,-12.090703000999952,180.52,2019-05-121460,2018-12-90101,ClusterSimple_2019-05-121460
85,9,5952,219.64315676152395,5,-77.07123409999997,-12.092304999999953,-77.07242599999995,-12.090703000999952,219.64,2019-05-121460,2019-04-114870,ClusterSimple_2019-05-121460
86,9,248,324.6261865740195,6,-77.07007839999994,-12.092512399999976,-77.07242599999995,-12.090703000999952,324.63,2019-05-121460,2018-12-87463,ClusterSimple_2019-05-121460
87,9,2500,340.3640978504035,7,-77.06960478999997,-12.08937702999998,-77.07242599999995,-12.090703000999952,340.36,2019-05-121460,2019-02-99952,ClusterSimple_2019-05-121460
88,9,1394,446.13285325410016,8,-77.07652266999997,-12.090600449999954,-77.07242599999995,-12.090703000999952,446.13,2019-05-121460,2019-01-93507,ClusterSimple_2019-05-121460
89,10,744,0.00011062249541282654,1,-76.97339879999998,-12.089141599999948,-76.97339879999998,-12.089141600999938,0.0,2019-05-121552,2018-12-89973,ClusterSimple_2019-05-121552
90,10,1097,0.00011062249541282654,1,-76.97339879999998,-12.089141599999948,-76.97339879999998,-12.089141600999938,0.0,2019-05-121552,2019-01-91699,ClusterSimple_2019-05-121552
91,10,1098,0.00011062249541282654,1,-76.97339879999998,-12.089141599999948,-76.97339879999998,-12.089141600999938,0.0,2019-05-121552,2019-01-91700,ClusterSimple_2019-05-121552
92,10,1099,0.00011062249541282654,1,-76.97339879999998,-12.089141599999948,-76.97339879999998,-12.089141600999938,0.0,2019-05-121552,2019-01-91701,ClusterSimple_2019-05-121552
93,10,1580,0.00011062249541282654,1,-76.97339879999998,-12.089141599999948,-76.97339879999998,-12.089141600999938,0.0,2019-05-121552,2019-01-94446,ClusterSimple_2019-05-121552
94,10,1589,0.00011062249541282654,1,-76.97339879999998,-12.089141599999948,-76.97339879999998,-12.089141600999938,0.0,2019-05-121552,2019-01-94517,ClusterSimple_2019-05-121552
95,10,1618,0.00011062249541282654,1,-76.97339879999998,-12.089141599999948,-76.97339879999998,-12.089141600999938,0.0,2019-05-121552,2019-01-94625,ClusterSimple_2019-05-121552
96,10,3733,0.00011062249541282654,1,-76.97339879999998,-12.089141599999948,-76.97339879999998,-12.089141600999938,0.0,2019-05-121552,2019-02-105549,ClusterSimple_2019-05-121552
97,10,5526,0.00011062249541282654,1,-76.97339879999998,-12.089141599999948,-76.97339879999998,-12.089141600999938,0.0,2019-05-121552,2019-03-112266,ClusterSimple_2019-05-121552
98,10,6039,0.00011062249541282654,1,-76.97339879999998,-12.089141599999948,-76.97339879999998,-12.089141600999938,0.0,2019-05-121552,2019-04-115362,ClusterSimple_2019-05-121552
99,11,2648,71.89616308644055,1,-77.01630899999998,-12.08843399999995,-77.01591859999996,-12.087909800999967,71.9,2019-05-120583,2019-02-100576,ClusterSimple_2019-05-120583
100,11,4410,91.14771182226143,2,-77.01672901999996,-12.088116669999977,-77.01591859999996,-12.087909800999967,91.15,2019-05-120583,2019-03-107951,ClusterSimple_2019-05-120583
101,11,375,103.01692794190515,3,-77.01546559999997,-12.088727399999982,-77.01591859999996,-12.087909800999967,103.02,2019-05-120583,2018-12-88124,ClusterSimple_2019-05-120583
102,11,2226,176.75539423039547,4,-77.01572544999993,-12.08632332999997,-77.01591859999996,-12.087909800999967,176.76,2019-05-120583,2019-02-98567,ClusterSimple_2019-05-120583
103,11,1691,250.11336929005077,5,-77.01614844999995,-12.090159409999956,-77.01591859999996,-12.087909800999967,250.11,2019-05-120583,2019-01-94918,ClusterSimple_2019-05-120583
104,11,4156,305.2337975374071,6,-77.01812689999997,-12.08960989999997,-77.01591859999996,-12.087909800999967,305.23,2019-05-120583,2019-03-107033,ClusterSimple_2019-05-120583
105,11,3387,324.3285522006156,7,-77.01294749999994,-12.088124799999946,-77.01591859999996,-12.087909800999967,324.33,2019-05-120583,2019-02-104111,ClusterSimple_2019-05-120583
106,11,3290,325.36360178030816,8,-77.01751699999994,-12.090394999999944,-77.01591859999996,-12.087909800999967,325.36,2019-05-120583,2019-02-103722,ClusterSimple_2019-05-120583
107,11,1289,377.2008175927155,9,-77.01259909999999,-12.086932799999943,-77.01591859999996,-12.087909800999967,377.2,2019-05-120583,2019-01-92735,ClusterSimple_2019-05-120583
108,11,1531,377.2008175927155,9,-77.01259909999999,-12.086932799999943,-77.01591859999996,-12.087909800999967,377.2,2019-05-120583,2019-01-94217,ClusterSimple_2019-05-120583
109,12,1324,0.00011062249541282654,1,-77.03240789999995,-12.081970699999943,-77.03240789999995,-12.081970700999932,0.0,2019-05-119040_2019-05-119071,2019-01-92933,SuperCluster_2019-05-119040_2019-05-119071
110,12,1615,0.00011062249541282654,1,-77.03240789999995,-12.081970699999943,-77.03240789999995,-12.081970700999932,0.0,2019-05-119040_2019-05-119071,2019-01-94617,SuperCluster_2019-05-119040_2019-05-119071
111,12,4166,0.00011062249541282654,1,-77.03240789999995,-12.081970699999943,-77.03240789999995,-12.081970700999932,0.0,2019-05-119040_2019-05-119071,2019-03-107057,SuperCluster_2019-05-119040_2019-05-119071
112,12,4742,0.00011062249541282654,1,-77.03240789999995,-12.081970699999943,-77.03240789999995,-12.081970700999932,0.0,2019-05-119040_2019-05-119071,2019-03-108896,SuperCluster_2019-05-119040_2019-05-119071
113,12,5537,0.00011062249541282654,1,-77.03240789999995,-12.081970699999943,-77.03240789999995,-12.081970700999932,0.0,2019-05-119040_2019-05-119071,2019-03-112302,SuperCluster_2019-05-119040_2019-05-119071
114,12,5595,0.00011062249541282654,1,-77.03240789999995,-12.081970699999943,-77.03240789999995,-12.081970700999932,0.0,2019-05-119040_2019-05-119071,2019-04-112592,SuperCluster_2019-05-119040_2019-05-119071
115,12,5794,0.00011062249541282654,1,-77.03240789999995,-12.081970699999943,-77.03240789999995,-12.081970700999932,0.0,2019-05-119040_2019-05-119071,2019-04-113553,SuperCluster_2019-05-119040_2019-05-119071
116,12,5797,0.00011062249541282654,1,-77.03240789999995,-12.081970699999943,-77.03240789999995,-12.081970700999932,0.0,2019-05-119040_2019-05-119071,2019-04-113558,SuperCluster_2019-05-119040_2019-05-119071
117,12,5906,0.00011062249541282654,1,-77.03240789999995,-12.081970699999943,-77.03240789999995,-12.081970700999932,0.0,2019-05-119040_2019-05-119071,2019-04-114695,SuperCluster_2019-05-119040_2019-05-119071
118,12,6453,0.00011062249541282654,1,-77.03240789999995,-12.081970699999943,-77.03240789999995,-12.081970700999932,0.0,2019-05-119040_2019-05-119071,2019-04-118247,SuperCluster_2019-05-119040_2019-05-119071
119,13,1747,302.8917178400535,1,-77.08961592999998,-12.073552389999975,-77.08684519999997,-12.073799300999951,302.89,2019-05-121294,2019-01-95091,ClusterSimple_2019-05-121294
120,13,3317,303.2044515467394,2,-77.08707299999998,-12.076530999999932,-77.08684519999997,-12.073799300999951,303.2,2019-05-121294,2019-02-103870,ClusterSimple_2019-05-121294
121,13,4174,439.1857247962044,3,-77.08791559999997,-12.077627099999972,-77.08684519999997,-12.073799300999951,439.19,2019-05-121294,2019-03-107066,ClusterSimple_2019-05-121294
122,13,2847,481.01080152548354,4,-77.09104176999995,-12.07515890999997,-77.08684519999997,-12.073799300999951,481.01,2019-05-121294,2019-02-101886,ClusterSimple_2019-05-121294
123,14,1323,105.09413334664453,1,-76.98640899999998,-12.069501999999943,-76.98737413999999,-12.069486040999948,105.09,2019-05-119547,2019-01-92930,ClusterSimple_2019-05-119547
124,14,908,114.06793627371945,2,-76.98838503999997,-12.069756929999926,-76.98737413999999,-12.069486040999948,114.07,2019-05-119547,2018-12-90846,ClusterSimple_2019-05-119547
125,14,1534,120.45122625828557,3,-76.98841939999994,-12.069842799999947,-76.98737413999999,-12.069486040999948,120.45,2019-05-119547,2019-01-94221,ClusterSimple_2019-05-119547
126,14,5368,120.45122625828557,3,-76.98841939999994,-12.069842799999947,-76.98737413999999,-12.069486040999948,120.45,2019-05-119547,2019-03-111442,ClusterSimple_2019-05-119547
127,14,4517,121.711180118647,4,-76.98842419999994,-12.069863489999932,-76.98737413999999,-12.069486040999948,121.71,2019-05-119547,2019-03-108278,ClusterSimple_2019-05-119547
128,14,5244,155.57761171878545,5,-76.98796539999995,-12.068205699999965,-76.98737413999999,-12.069486040999948,155.58,2019-05-119547,2019-03-110720,ClusterSimple_2019-05-119547
129,14,1881,240.68164968751006,6,-76.98763099999996,-12.071646999999928,-76.98737413999999,-12.069486040999948,240.68,2019-05-119547,2019-01-95812,ClusterSimple_2019-05-119547
130,14,3228,241.3967865959573,7,-76.98744769999996,-12.071666999999934,-76.98737413999999,-12.069486040999948,241.4,2019-05-119547,2019-02-103501,ClusterSimple_2019-05-119547
131,14,2592,247.90520213122164,8,-76.98689256999995,-12.067295739999963,-76.98737413999999,-12.069486040999948,247.91,2019-05-119547,2019-02-100391,ClusterSimple_2019-05-119547
132,14,5245,256.6772950185697,9,-76.98815609999997,-12.067297099999962,-76.98737413999999,-12.069486040999948,256.68,2019-05-119547,2019-03-110727,ClusterSimple_2019-05-119547
133,15,5941,163.97977158982383,1,-77.04953899999998,-12.065462999999966,-77.04875189999996,-12.064199200999951,163.98,2019-05-121188,2019-04-114848,ClusterSimple_2019-05-121188
134,15,3615,168.1603905389323,2,-77.04720899999995,-12.064129999999977,-77.04875189999996,-12.064199200999951,168.16,2019-05-121188,2019-02-105078,ClusterSimple_2019-05-121188
135,15,2432,281.8007255754085,3,-77.04703706999999,-12.066107269999975,-77.04875189999996,-12.064199200999951,281.8,2019-05-121188,2019-02-99556,ClusterSimple_2019-05-121188
136,15,2341,281.82479337342886,4,-77.04703974999995,-12.06610988999995,-77.04875189999996,-12.064199200999951,281.82,2019-05-121188,2019-02-98937,ClusterSimple_2019-05-121188
137,15,4602,305.3006045872902,5,-77.04608655999994,-12.065056609999942,-77.04875189999996,-12.064199200999951,305.3,2019-05-121188,2019-03-108507,ClusterSimple_2019-05-121188
138,15,928,329.1700114907031,6,-77.04583979999995,-12.064998899999978,-77.04875189999996,-12.064199200999951,329.17,2019-05-121188,2019-01-90949,ClusterSimple_2019-05-121188
139,15,5191,330.0443282067087,7,-77.04710389999997,-12.066703299999972,-77.04875189999996,-12.064199200999951,330.04,2019-05-121188,2019-03-110544,ClusterSimple_2019-05-121188
140,15,2680,342.10216092662233,8,-77.04583369999995,-12.065345699999966,-77.04875189999996,-12.064199200999951,342.1,2019-05-121188,2019-02-100809,ClusterSimple_2019-05-121188
141,15,1400,423.14770968730227,9,-77.04628799999995,-12.061240999999939,-77.04875189999996,-12.064199200999951,423.15,2019-05-121188,2019-01-93514,ClusterSimple_2019-05-121188
142,15,4126,425.2769927845751,10,-77.04626307999996,-12.06123625999993,-77.04875189999996,-12.064199200999951,425.28,2019-05-121188,2019-03-106946,ClusterSimple_2019-05-121188
143,16,1363,116.57945380663139,1,-77.03598106999993,-12.06429774999998,-77.03625712999997,-12.063279530999978,116.58,2019-05-121376,2019-01-93317,ClusterSimple_2019-05-121376
144,16,315,262.832505431127,2,-77.03384639999996,-12.063155399999971,-77.03625712999997,-12.063279530999978,262.83,2019-05-121376,2018-12-87735,ClusterSimple_2019-05-121376
145,16,4179,274.1499869294742,3,-77.03668476999997,-12.065721769999982,-77.03625712999997,-12.063279530999978,274.15,2019-05-121376,2019-03-107076,ClusterSimple_2019-05-121376
146,16,5680,323.43102863834673,4,-77.03417449999995,-12.065364399999964,-77.03625712999997,-12.063279530999978,323.43,2019-05-121376,2019-04-113102,ClusterSimple_2019-05-121376
147,16,2056,324.1006141227989,5,-77.03593399999994,-12.066191999999944,-77.03625712999997,-12.063279530999978,324.1,2019-05-121376,2019-01-97724,ClusterSimple_2019-05-121376
148,16,1565,324.92794897850155,6,-77.03595699999994,-12.066201899999953,-77.03625712999997,-12.063279530999978,324.93,2019-05-121376,2019-01-94403,ClusterSimple_2019-05-121376
149,16,5580,352.3425047731794,7,-77.03402023999996,-12.06097785999998,-77.03625712999997,-12.063279530999978,352.34,2019-05-121376,2019-04-112518,ClusterSimple_2019-05-121376
150,16,6520,399.3339228623593,8,-77.03944639999997,-12.06149679999993,-77.03625712999997,-12.063279530999978,399.33,2019-05-121376,2019-05-118784,ClusterSimple_2019-05-121376
151,16,2022,443.98374128600585,9,-77.04032799999999,-12.063044999999931,-77.03625712999997,-12.063279530999978,443.98,2019-05-121376,2019-01-97380,ClusterSimple_2019-05-121376
152,16,1563,460.91128473735307,10,-77.03807941999997,-12.059518809999929,-77.03625712999997,-12.063279530999978,460.91,2019-05-121376,2019-01-94401,ClusterSimple_2019-05-121376
153,17,570,287.0713474882905,1,-77.12354999999997,-12.062700199999938,-77.12095965999998,-12.06221599099996,287.07,2019-05-121049,2018-12-88984,ClusterSimple_2019-05-121049
154,17,286,296.099416565974,2,-77.11992899999996,-12.05973899999998,-77.12095965999998,-12.06221599099996,296.1,2019-05-121049,2018-12-87587,ClusterSimple_2019-05-121049
155,17,1380,432.93948353605475,3,-77.12446099999994,-12.060360999999943,-77.12095965999998,-12.06221599099996,432.94,2019-05-121049,2019-01-93423,ClusterSimple_2019-05-121049
156,17,1454,485.24328324417286,4,-77.12260629999997,-12.058139899999958,-77.12095965999998,-12.06221599099996,485.24,2019-05-121049,2019-01-93861,ClusterSimple_2019-05-121049
157,18,4731,0.10313120650638852,1,-77.04097580999996,-12.057938799999931,-77.04097647999998,-12.057938140999966,0.1,2019-05-119887,2019-03-108859,ClusterSimple_2019-05-119887
158,18,5032,105.28424815595744,2,-77.04006241999997,-12.058248679999963,-77.04097647999998,-12.057938140999966,105.28,2019-05-119887,2019-03-109964,ClusterSimple_2019-05-119887
159,18,4145,108.24649594791771,3,-77.04193749999996,-12.057687499999929,-77.04097647999998,-12.057938140999966,108.25,2019-05-119887,2019-03-106998,ClusterSimple_2019-05-119887
160,18,3809,111.32714020742273,4,-77.04000399999995,-12.058248999999932,-77.04097647999998,-12.057938140999966,111.33,2019-05-119887,2019-02-105763,ClusterSimple_2019-05-119887
161,18,3273,167.7787633202257,5,-77.03949999999998,-12.057503999999938,-77.04097647999998,-12.057938140999966,167.78,2019-05-119887,2019-02-103641,ClusterSimple_2019-05-119887
162,18,4146,221.89404944735625,6,-77.04081249999996,-12.059937499999933,-77.04097647999998,-12.057938140999966,221.89,2019-05-119887,2019-03-106999,ClusterSimple_2019-05-119887
163,18,2116,234.80888519536077,7,-77.03981241999998,-12.056151299999954,-77.04097647999998,-12.057938140999966,234.81,2019-05-119887,2019-01-98135,ClusterSimple_2019-05-119887
164,18,3797,245.70904611967555,8,-77.03908810999997,-12.05915430999994,-77.04097647999998,-12.057938140999966,245.71,2019-05-119887,2019-02-105739,ClusterSimple_2019-05-119887
165,18,59,288.442928011884,9,-77.04002439999994,-12.05550489999996,-77.04097647999998,-12.057938140999966,288.44,2019-05-119887,2018-12-86606,ClusterSimple_2019-05-119887
166,18,4509,295.4944006774655,10,-77.04368749999998,-12.058062499999949,-77.04097647999998,-12.057938140999966,295.49,2019-05-119887,2019-03-108265,ClusterSimple_2019-05-119887
167,19,1265,0.00011062133125960827,1,-77.10150119999997,-12.056563199999971,-77.10150119999997,-12.05656320099996,0.0,2019-04-114115,2019-01-92614,ClusterSimple_2019-04-114115
168,19,5891,0.00011062133125960827,1,-77.10150119999997,-12.056563199999971,-77.10150119999997,-12.05656320099996,0.0,2019-04-114115,2019-04-114115,ClusterSimple_2019-04-114115
169,19,2350,351.35926199566103,2,-77.10443819999995,-12.05524719999994,-77.10150119999997,-12.05656320099996,351.36,2019-04-114115,2019-02-98963,ClusterSimple_2019-04-114115
170,19,2453,351.35926199566103,2,-77.10443819999995,-12.05524719999994,-77.10150119999997,-12.05656320099996,351.36,2019-04-114115,2019-02-99673,ClusterSimple_2019-04-114115
171,19,1703,471.5518896203431,3,-77.09717887999994,-12.056294479999963,-77.10150119999997,-12.05656320099996,471.55,2019-04-114115,2019-01-94955,ClusterSimple_2019-04-114115
172,20,1632,34.14538717036842,1,-77.04093891999997,-12.052234289999944,-77.04124439999998,-12.052164500999936,34.15,2019-04-116445,2019-01-94697,ClusterSimple_2019-04-116445
173,20,6647,47.65786289222289,2,-77.04083171999997,-12.052308079999932,-77.04124439999998,-12.052164500999936,47.66,2019-04-116445,2019-05-119890,ClusterSimple_2019-04-116445
174,20,836,47.93222450579559,3,-77.04082869999996,-12.05230709999995,-77.04124439999998,-12.052164500999936,47.93,2019-04-116445,2018-12-90385,ClusterSimple_2019-04-116445
175,20,2992,47.93222450579559,3,-77.04082869999996,-12.05230709999995,-77.04124439999998,-12.052164500999936,47.93,2019-04-116445,2019-02-102384,ClusterSimple_2019-04-116445
176,20,640,49.03427045574695,4,-77.04080187999995,-12.052246769999954,-77.04124439999998,-12.052164500999936,49.03,2019-04-116445,2018-12-89377,ClusterSimple_2019-04-116445
177,20,719,49.6764492866167,5,-77.04088825999997,-12.051883819999944,-77.04124439999998,-12.052164500999936,49.68,2019-04-116445,2018-12-89897,ClusterSimple_2019-04-116445
178,20,969,221.2126726497253,6,-77.04224439999996,-12.050423799999976,-77.04124439999998,-12.052164500999936,221.21,2019-04-116445,2019-01-91041,ClusterSimple_2019-04-116445
179,20,2457,227.31774585898185,7,-77.04097263999995,-12.05420190999996,-77.04124439999998,-12.052164500999936,227.32,2019-04-116445,2019-02-99692,ClusterSimple_2019-04-116445
180,20,2454,229.82579397039976,8,-77.04097330999997,-12.054224859999977,-77.04124439999998,-12.052164500999936,229.83,2019-04-116445,2019-02-99675,ClusterSimple_2019-04-116445
181,20,51,230.17629327183005,9,-77.04097397999999,-12.054228139999964,-77.04124439999998,-12.052164500999936,230.18,2019-04-116445,2018-12-86566,ClusterSimple_2019-04-116445
182,21,5354,44.87312497462286,1,-77.05606409999996,-12.049472899999955,-77.05572265999996,-12.049700060999953,44.87,2019-05-121023,2019-03-111395,ClusterSimple_2019-05-121023
183,21,297,50.61907178643792,2,-77.05599469999999,-12.049328999999943,-77.05572265999996,-12.049700060999953,50.62,2019-05-121023,2018-12-87621,ClusterSimple_2019-05-121023
184,21,5570,50.67988747197353,3,-77.05599415999995,-12.049327939999955,-77.05572265999996,-12.049700060999953,50.68,2019-05-121023,2019-04-112499,ClusterSimple_2019-05-121023
185,21,3875,218.13151494046056,4,-77.05604059999996,-12.047753199999931,-77.05572265999996,-12.049700060999953,218.13,2019-05-121023,2019-03-105974,ClusterSimple_2019-05-121023
186,21,2682,239.7564475874657,5,-77.05526669999995,-12.047579699999972,-77.05572265999996,-12.049700060999953,239.76,2019-05-121023,2019-02-100812,ClusterSimple_2019-05-121023
187,21,3131,272.0343022724632,6,-77.05348369999996,-12.050791299999958,-77.05572265999996,-12.049700060999953,272.03,2019-05-121023,2019-02-103119,ClusterSimple_2019-05-121023
188,21,6373,305.3991755046379,7,-77.05561434999998,-12.052458729999955,-77.05572265999996,-12.049700060999953,305.4,2019-05-121023,2019-04-117503,ClusterSimple_2019-05-121023
189,21,4091,308.623634983142,8,-77.05550899999997,-12.05248199999994,-77.05572265999996,-12.049700060999953,308.62,2019-05-121023,2019-03-106869,ClusterSimple_2019-05-121023
190,21,3782,317.66875418154797,9,-77.05401079999996,-12.047374699999978,-77.05572265999996,-12.049700060999953,317.67,2019-05-121023,2019-02-105701,ClusterSimple_2019-05-121023
191,21,3844,339.7416230996728,10,-77.05545599999994,-12.052759999999978,-77.05572265999996,-12.049700060999953,339.74,2019-05-121023,2019-03-105880,ClusterSimple_2019-05-121023
192,22,2797,11.661268620343415,1,-77.04228112999994,-12.033270529999982,-77.04236404999995,-12.03333724099997,11.66,2019-03-110248,2019-02-101636,ClusterSimple_2019-03-110248
193,22,4369,257.6527614240498,2,-77.04137952999997,-12.031219309999926,-77.04236404999995,-12.03333724099997,257.65,2019-03-110248,2019-03-107811,ClusterSimple_2019-03-110248
194,22,940,283.62110276369174,3,-77.04360299999996,-12.03108199999997,-77.04236404999995,-12.03333724099997,283.62,2019-03-110248,2019-01-90968,ClusterSimple_2019-03-110248
195,22,1875,295.3489656108945,4,-77.03965829999999,-12.033150699999965,-77.04236404999995,-12.03333724099997,295.35,2019-03-110248,2019-01-95784,ClusterSimple_2019-03-110248
196,22,5325,388.0580657754248,5,-77.04484293999997,-12.035857539999938,-77.04236404999995,-12.03333724099997,388.06,2019-03-110248,2019-03-111127,ClusterSimple_2019-03-110248
197,22,5057,401.7447481317481,6,-77.04503055999999,-12.035847199999978,-77.04236404999995,-12.03333724099997,401.74,2019-03-110248,2019-03-110089,ClusterSimple_2019-03-110248
198,22,3977,490.32046643599165,7,-77.03795401999997,-12.032441589999962,-77.04236404999995,-12.03333724099997,490.32,2019-03-110248,2019-03-106456,ClusterSimple_2019-03-110248
199,23,2157,35.505135366722996,1,-77.10343479999995,-12.028179199999954,-77.10316449999993,-12.028358700999945,35.51,2019-05-118428,2019-01-98268,ClusterSimple_2019-05-118428
200,23,1387,39.18430051650139,2,-77.10322999999994,-12.02870699999994,-77.10316449999993,-12.028358700999945,39.18,2019-05-118428,2019-01-93480,ClusterSimple_2019-05-118428
201,23,3826,228.01484819485475,3,-77.10506959999998,-12.02750322999998,-77.10316449999993,-12.028358700999945,228.01,2019-05-118428,2019-03-105820,ClusterSimple_2019-05-118428
202,23,587,339.34420225185966,4,-77.10595999999998,-12.02700299999998,-77.10316449999993,-12.028358700999945,339.34,2019-05-118428,2018-12-89117,ClusterSimple_2019-05-118428
203,23,2230,396.77206226512163,5,-77.10183039999998,-12.031696369999963,-77.10316449999993,-12.028358700999945,396.77,2019-05-118428,2019-02-98575,ClusterSimple_2019-05-118428
204,24,572,146.2485519337697,1,-77.05485160999996,-12.00437908999993,-77.05566577999997,-12.005430480999962,146.25,2019-05-120667,2018-12-88993,ClusterSimple_2019-05-120667
205,24,3940,209.86163097293223,2,-77.05754899999994,-12.005832999999939,-77.05566577999997,-12.005430480999962,209.86,2019-05-120667,2019-03-106310,ClusterSimple_2019-05-120667
206,24,2067,394.67848991250753,3,-77.05905265999996,-12.006700369999976,-77.05566577999997,-12.005430480999962,394.68,2019-05-120667,2019-01-97775,ClusterSimple_2019-05-120667
207,24,153,436.1906366981127,4,-77.05959999999999,-12.006170599999962,-77.05566577999997,-12.005430480999962,436.19,2019-05-120667,2018-12-87097,ClusterSimple_2019-05-120667
208,24,5214,455.7977697554666,5,-77.05952669999994,-12.00702130999997,-77.05566577999997,-12.005430480999962,455.8,2019-05-120667,2019-03-110651,ClusterSimple_2019-05-120667
209,24,498,486.3458652976421,6,-77.05317399999996,-12.009078999999929,-77.05566577999997,-12.005430480999962,486.35,2019-05-120667,2018-12-88648,ClusterSimple_2019-05-120667
210,25,5715,69.19131955490789,1,-79.83294730999995,-6.77765584499997,-79.83357299999994,-6.777672099999961,69.19,2019-05-120932,2019-04-113245,ClusterSimple_2019-05-120932
211,25,4791,72.07538667885918,2,-79.83315013999999,-6.778168173999973,-79.83357299999994,-6.777672099999961,72.08,2019-05-120932,2019-03-109131,ClusterSimple_2019-05-120932
212,25,5196,80.47889525267307,3,-79.83286999999996,-6.777482999999961,-79.83357299999994,-6.777672099999961,80.48,2019-05-120932,2019-03-110564,ClusterSimple_2019-05-120932
213,25,6630,88.16477860154164,4,-79.83279369999997,-6.777841599999931,-79.83357299999994,-6.777672099999961,88.16,2019-05-120932,2019-05-119615,ClusterSimple_2019-05-120932
214,25,792,95.14759979452165,5,-79.83272599999998,-6.77782499999995,-79.83357299999994,-6.777672099999961,95.15,2019-05-120932,2018-12-90126,ClusterSimple_2019-05-120932
215,25,4899,127.46407235143096,6,-79.83281199999999,-6.778537999999969,-79.83357299999994,-6.777672099999961,127.46,2019-05-120932,2019-03-109494,ClusterSimple_2019-05-120932
216,25,3737,151.50737589738074,7,-79.83343369999994,-6.779034999999965,-79.83357299999994,-6.777672099999961,151.51,2019-05-120932,2019-02-105560,ClusterSimple_2019-05-120932
217,25,4568,165.6094842948731,8,-79.83317713999998,-6.77622781499997,-79.83357299999994,-6.777672099999961,165.61,2019-05-120932,2019-03-108401,ClusterSimple_2019-05-120932
218,25,5311,197.05155936610856,9,-79.83303269999999,-6.779370099999937,-79.83357299999994,-6.777672099999961,197.05,2019-05-120932,2019-03-110984,ClusterSimple_2019-05-120932
219,25,1596,223.6051130704532,10,-79.83301299999994,-6.779614999999978,-79.83357299999994,-6.777672099999961,223.61,2019-05-120932,2019-01-94545,ClusterSimple_2019-05-120932
220,26,921,55.707165376002294,1,-79.84199829999994,-6.771611199999938,-79.84236799699994,-6.771953499999938,55.71,2019-05-121051_2019-05-121098,2019-01-90930,SuperCluster_2019-05-121051_2019-05-121098
221,26,6089,62.25987759651636,2,-79.84228395999997,-6.772510177999948,-79.84236799699994,-6.771953499999938,62.26,2019-05-121051_2019-05-121098,2019-04-115606,SuperCluster_2019-05-121051_2019-05-121098
222,26,5640,80.69772877382427,3,-79.84172649999994,-6.771605276999935,-79.84236799699994,-6.771953499999938,80.7,2019-05-121051_2019-05-121098,2019-04-112883,SuperCluster_2019-05-121051_2019-05-121098
223,26,2203,93.57259046757027,4,-79.84155499999997,-6.772188999999969,-79.84236799699994,-6.771953499999938,93.57,2019-05-121051_2019-05-121098,2019-01-98499,SuperCluster_2019-05-121051_2019-05-121098
224,26,2747,119.29943979232263,5,-79.84146109999995,-6.771368799999948,-79.84236799699994,-6.771953499999938,119.3,2019-05-121051_2019-05-121098,2019-02-101463,SuperCluster_2019-05-121051_2019-05-121098
225,26,815,138.95461409760642,6,-79.84189099999998,-6.770790999999974,-79.84236799699994,-6.771953499999938,138.95,2019-05-121051_2019-05-121098,2018-12-90169,SuperCluster_2019-05-121051_2019-05-121098
226,26,5481,141.74673082226465,7,-79.84191561999995,-6.7707541859999765,-79.84236799699994,-6.771953499999938,141.75,2019-05-121051_2019-05-121098,2019-03-112033,SuperCluster_2019-05-121051_2019-05-121098
227,26,3508,148.7342259760503,8,-79.84102369999994,-6.771898399999941,-79.84236799699994,-6.771953499999938,148.73,2019-05-121051_2019-05-121098,2019-02-104548,SuperCluster_2019-05-121051_2019-05-121098
228,26,5922,168.62596650735946,9,-79.84086419999994,-6.771697999999958,-79.84236799699994,-6.771953499999938,168.63,2019-05-121051_2019-05-121098,2019-04-114762,SuperCluster_2019-05-121051_2019-05-121098
229,26,6127,183.46892387836843,10,-79.84226649999994,-6.770297599999935,-79.84236799699994,-6.771953499999938,183.47,2019-05-121051_2019-05-121098,2019-04-115839,SuperCluster_2019-05-121051_2019-05-121098
230,27,2049,63.80062335957161,1,-76.35986703999998,-6.488459334999959,-76.36028899999997,-6.488065999999947,63.8,2019-05-121557,2019-01-97687,ClusterSimple_2019-05-121557
231,27,2644,65.95323472849901,2,-76.36003274999996,-6.488604500999941,-76.36028899999997,-6.488065999999947,65.95,2019-05-121557,2019-02-100562,ClusterSimple_2019-05-121557
232,27,267,83.67834508170532,3,-76.36026249999998,-6.488822199999959,-76.36028899999997,-6.488065999999947,83.68,2019-05-121557,2018-12-87516,ClusterSimple_2019-05-121557
233,27,184,99.72255781185389,4,-76.36000762999998,-6.487209295999946,-76.36028899999997,-6.488065999999947,99.72,2019-05-121557,2018-12-87193,ClusterSimple_2019-05-121557
234,27,5457,104.23494961291519,5,-76.36106469999999,-6.488601199999948,-76.36028899999997,-6.488065999999947,104.23,2019-05-121557,2019-03-111916,ClusterSimple_2019-05-121557
235,27,4624,104.91930886363343,6,-76.36054259999997,-6.488980199999958,-76.36028899999997,-6.488065999999947,104.92,2019-05-121557,2019-03-108575,ClusterSimple_2019-05-121557
236,27,2433,106.02105715801245,7,-76.36044509999994,-6.48901189999998,-76.36028899999997,-6.488065999999947,106.02,2019-05-121557,2019-02-99559,ClusterSimple_2019-05-121557
237,27,2131,126.6575518293584,8,-76.35949318999997,-6.488889498999981,-76.36028899999997,-6.488065999999947,126.66,2019-05-121557,2019-01-98200,ClusterSimple_2019-05-121557
238,27,6353,146.06791757117495,9,-76.35905262999995,-6.48760195899996,-76.36028899999997,-6.488065999999947,146.07,2019-05-121557,2019-04-117385,ClusterSimple_2019-05-121557
239,27,3642,156.29610260442067,10,-76.36155599999995,-6.487440299999946,-76.36028899999997,-6.488065999999947,156.3,2019-05-121557,2019-02-105171,ClusterSimple_2019-05-121557
240,28,3901,86.34123897649026,1,-78.81139799999994,-5.709569999999928,-78.81203249999999,-5.710023489999969,86.34,2019-05-120839,2019-03-106109,ClusterSimple_2019-05-120839
241,28,5423,178.66313715241836,2,-78.81133929999999,-5.708564699999954,-78.81203249999999,-5.710023489999969,178.66,2019-05-120839,2019-03-111724,ClusterSimple_2019-05-120839
242,28,5426,178.66313715241836,2,-78.81133929999999,-5.708564699999954,-78.81203249999999,-5.710023489999969,178.66,2019-05-120839,2019-03-111729,ClusterSimple_2019-05-120839
243,28,3275,254.06234325997306,3,-78.80975348999993,-5.709764897999946,-78.81203249999999,-5.710023489999969,254.06,2019-05-120839,2019-02-103654,ClusterSimple_2019-05-120839
244,28,1490,406.79532618387526,4,-78.80854399999998,-5.70887399999998,-78.81203249999999,-5.710023489999969,406.8,2019-05-120839,2019-01-94014,ClusterSimple_2019-05-120839
245,28,2736,407.4060260973338,5,-78.80836169999998,-5.709794399999964,-78.81203249999999,-5.710023489999969,407.41,2019-05-120839,2019-02-101372,ClusterSimple_2019-05-120839
246,28,4587,438.3737763473104,6,-78.80863299999999,-5.707993999999928,-78.81203249999999,-5.710023489999969,438.37,2019-05-120839,2019-03-108445,ClusterSimple_2019-05-120839
247,28,1238,440.1018954054664,7,-78.80823299999997,-5.708859999999959,-78.81203249999999,-5.710023489999969,440.1,2019-05-120839,2019-01-92443,ClusterSimple_2019-05-120839
248,28,1803,445.40653992852924,8,-78.80819837999996,-5.708809960999929,-78.81203249999999,-5.710023489999969,445.41,2019-05-120839,2019-01-95431,ClusterSimple_2019-05-120839
249,28,2571,450.896638741619,9,-78.81606011999997,-5.7094329859999675,-78.81203249999999,-5.710023489999969,450.9,2019-05-120839,2019-02-100293,ClusterSimple_2019-05-120839
250,29,4213,102.78099714626185,1,-73.24660402999996,-3.7552235169999335,-73.24744030999994,-3.7556212499999333,102.78,2019-05-119751,2019-03-107185,ClusterSimple_2019-05-119751
251,29,6685,248.57380350577372,2,-73.24892863999997,-3.7539426029999277,-73.24744030999994,-3.7556212499999333,248.57,2019-05-119751,2019-05-120799,ClusterSimple_2019-05-119751
252,29,3783,340.6748862826063,3,-73.24540625999998,-3.7533155179999653,-73.24744030999994,-3.7556212499999333,340.67,2019-05-119751,2019-02-105706,ClusterSimple_2019-05-119751
253,29,428,371.25649947878253,4,-73.25030423999993,-3.7573519069999293,-73.24744030999994,-3.7556212499999333,371.26,2019-05-119751,2018-12-88317,ClusterSimple_2019-05-119751
254,29,430,371.7543564977578,5,-73.25030937999998,-3.757352055999945,-73.24744030999994,-3.7556212499999333,371.75,2019-05-119751,2018-12-88323,ClusterSimple_2019-05-119751
255,29,6506,449.4165403676971,6,-73.24509059999997,-3.752312728999925,-73.24744030999994,-3.7556212499999333,449.42,2019-05-119751,2019-05-118730,ClusterSimple_2019-05-119751
256,29,3829,451.9460239637779,7,-73.24652876999994,-3.7516380619999268,-73.24744030999994,-3.7556212499999333,451.95,2019-05-119751,2019-03-105829,ClusterSimple_2019-05-119751
257,,,,,,,-72.52562189999998,-13.15413934999998,,2019-03-105922,,UltimaMilla_2019-03-105922
258,,,,,,,-71.96934629999998,-13.52292929999993,,2019-03-108614,,UltimaMilla_2019-03-108614
259,,,,,,,-77.01245860999995,-12.072509219999972,,2019-03-108615,,UltimaMilla_2019-03-108615
260,,,,,,,-71.62682086999996,-13.687328979999961,,2019-03-108628,,UltimaMilla_2019-03-108628
261,,,,,,,-73.04490927999996,-3.500902605999954,,2019-03-111560,,UltimaMilla_2019-03-111560
262,,,,,,,-76.87392763999998,-6.09662334199993,,2019-03-111777,,UltimaMilla_2019-03-111777
263,,,,,,,-72.88618899999994,-13.632784999999956,,2019-04-113847,,UltimaMilla_2019-04-113847
264,,,,,,,-75.74000019999994,-14.074981899999955,,2019-04-114106,,UltimaMilla_2019-04-114106
265,,,,,,,-69.76106699999997,-15.19989099999998,,2019-04-114948,,UltimaMilla_2019-04-114948
266,,,,,,,-76.20233299999995,-10.124805999999978,,2019-04-115299,,UltimaMilla_2019-04-115299
267,,,,,,,-78.63349593999999,-8.580192972999953,,2019-04-115944,,UltimaMilla_2019-04-115944
268,,,,,,,-76.94931249999996,-12.067312499999957,,2019-04-115982,,UltimaMilla_2019-04-115982
269,,,,,,,-76.49606909999994,-10.438809799999945,,2019-04-116180,,UltimaMilla_2019-04-116180
270,,,,,,,-76.23467299999999,-9.918988999999954,,2019-04-116267,,UltimaMilla_2019-04-116267
271,,,,,,,-80.66698019999995,-5.242968399999938,,2019-04-116301,,UltimaMilla_2019-04-116301
272,,,,,,,-76.25640889999994,-10.688770399999953,,2019-04-116410,,UltimaMilla_2019-04-116410
273,,,,,,,-76.23150499999997,-9.921010999999964,,2019-04-116860,,UltimaMilla_2019-04-116860
274,,,,,,,-74.56101999999998,-8.379281999999932,,2019-04-116910,,UltimaMilla_2019-04-116910
275,,,,,,,-76.31886159999993,-10.688790199999971,,2019-04-116950,,UltimaMilla_2019-04-116950
276,,,,,,,-76.51559309999999,-10.491728029999933,,2019-04-116951,,UltimaMilla_2019-04-116951
277,,,,,,,-76.25591548999995,-10.691018779999979,,2019-04-116952,,UltimaMilla_2019-04-116952
278,,,,,,,-76.26218091999993,-10.751887739999972,,2019-04-116953,,UltimaMilla_2019-04-116953
279,,,,,,,-76.11218108999998,-10.855773989999932,,2019-04-116954,,UltimaMilla_2019-04-116954
280,,,,,,,-70.13502899999997,-15.476828999999952,,2019-04-117144,,UltimaMilla_2019-04-117144
281,,,,,,,-75.21437799999995,-12.073512999999934,,2019-04-117306,,UltimaMilla_2019-04-117306
282,,,,,,,-74.24643749999996,-15.862687499999936,,2019-04-117357,,UltimaMilla_2019-04-117357
283,,,,,,,-78.04426299999994,-7.815785999999946,,2019-04-117492,,UltimaMilla_2019-04-117492
284,,,,,,,-78.32488879999994,-6.971416699999963,,2019-04-117630,,UltimaMilla_2019-04-117630
285,,,,,,,-74.22267728999998,-13.148887799999954,,2019-04-117677,,UltimaMilla_2019-04-117677
286,,,,,,,-77.87189486999995,-6.2293257919999405,,2019-04-117711,,UltimaMilla_2019-04-117711
287,,,,,,,-70.14221099999997,-15.497116999999946,,2019-04-117801,,UltimaMilla_2019-04-117801
288,,,,,,,-81.11150499999997,-4.147609999999929,,2019-04-117865,,UltimaMilla_2019-04-117865
289,,,,,,,-74.22781679999997,-13.156959899999947,,2019-04-117867,,UltimaMilla_2019-04-117867
290,,,,,,,-70.36748696999996,-13.102065039999957,,2019-04-117890,,UltimaMilla_2019-04-117890
291,,,,,,,-79.00782659999999,-8.074673799999971,,2019-04-117961,,UltimaMilla_2019-04-117961
292,,,,,,,-81.09515504999996,-5.090169973999934,,2019-04-118034,,UltimaMilla_2019-04-118034
293,,,,,,,-77.60518749999994,-11.068937499999947,,2019-04-118063,,UltimaMilla_2019-04-118063
294,,,,,,,-77.04981099999998,-11.82958999999994,,2019-04-118073,,UltimaMilla_2019-04-118073
295,,,,,,,-79.83120899999994,-6.7748849999999265,,2019-04-118078,,UltimaMilla_2019-04-118078
296,,,,,,,-76.99649780999994,-12.174019749999957,,2019-04-118082,,UltimaMilla_2019-04-118082
297,,,,,,,-74.53111429999996,-8.387804599999981,,2019-04-118088,,UltimaMilla_2019-04-118088
298,,,,,,,-80.68753497999995,-4.895267242999978,,2019-04-118090,,UltimaMilla_2019-04-118090
299,,,,,,,-77.09749000999994,-12.060865769999964,,2019-04-118091,,UltimaMilla_2019-04-118091
300,,,,,,,-74.56813599999998,-8.362432999999953,,2019-04-118222,,UltimaMilla_2019-04-118222
301,,,,,,,-76.14865541999995,-13.67925428999996,,2019-04-118241,,UltimaMilla_2019-04-118241
302,,,,,,,-76.96787799999998,-12.17791399999993,,2019-04-118258,,UltimaMilla_2019-04-118258
303,,,,,,,-76.12365999999997,-13.39250519999996,,2019-04-118261,,UltimaMilla_2019-04-118261
304,,,,,,,-72.08308899999997,-14.450557999999944,,2019-04-118266,,UltimaMilla_2019-04-118266
305,,,,,,,-76.95359299999996,-12.202321069999925,,2019-04-118267,,UltimaMilla_2019-04-118267
306,,,,,,,-76.99923299999995,-12.200388999999973,,2019-05-118315,,UltimaMilla_2019-05-118315
307,,,,,,,-72.89118749999994,-13.637812499999939,,2019-05-118325,,UltimaMilla_2019-05-118325
308,,,,,,,-72.89906660999998,-15.20900955999997,,2019-05-118345,,UltimaMilla_2019-05-118345
309,,,,,,,-75.40261005999997,-10.573802929999943,,2019-05-118359,,UltimaMilla_2019-05-118359
310,,,,,,,-72.88047657999994,-13.633438809999973,,2019-05-118381,,UltimaMilla_2019-05-118381
311,,,,,,,-70.22461510999995,-17.998073019999936,,2019-05-118401,,UltimaMilla_2019-05-118401
312,,,,,,,-74.22186259999995,-13.150891899999976,,2019-05-118574,,UltimaMilla_2019-05-118574
313,,,,,,,-72.11229309999999,-13.310217499999965,,2019-05-118579,,UltimaMilla_2019-05-118579
314,,,,,,,-74.19741175999997,-13.168395849999968,,2019-05-118580,,UltimaMilla_2019-05-118580
315,,,,,,,-70.62614479999996,-17.278631899999937,,2019-05-118585,,UltimaMilla_2019-05-118585
316,,,,,,,-74.53208464999994,-8.382099936999964,,2019-05-118587,,UltimaMilla_2019-05-118587
317,,,,,,,-76.88188553999998,-11.938825709999946,,2019-05-118594,,UltimaMilla_2019-05-118594
318,,,,,,,-77.86912509999996,-6.229570599999931,,2019-05-118595,,UltimaMilla_2019-05-118595
319,,,,,,,-71.94548699999996,-13.527250999999978,,2019-05-118683,,UltimaMilla_2019-05-118683
320,,,,,,,-76.95873669999997,-12.160606499999972,,2019-05-118689,,UltimaMilla_2019-05-118689
321,,,,,,,-78.15127752999996,-10.068572639999957,,2019-05-118701,,UltimaMilla_2019-05-118701
322,,,,,,,-77.12286910999995,-11.938877869999942,,2019-05-118703,,UltimaMilla_2019-05-118703
323,,,,,,,-81.05655284999995,-4.900162868999928,,2019-05-118722,,UltimaMilla_2019-05-118722
324,,,,,,,-75.35453665999995,-11.121693409999978,,2019-05-118723,,UltimaMilla_2019-05-118723
325,,,,,,,-74.24581634999998,-15.865324589999943,,2019-05-118725,,UltimaMilla_2019-05-118725
326,,,,,,,-77.02539399999995,-12.034109999999941,,2019-05-118734,,UltimaMilla_2019-05-118734
327,,,,,,,-77.75916643999994,-10.752224599999977,,2019-05-118742,,UltimaMilla_2019-05-118742
328,,,,,,,-77.20841743999995,-11.495630689999928,,2019-05-118773,,UltimaMilla_2019-05-118773
329,,,,,,,-81.26542100999995,-4.537141662999943,,2019-05-118786,,UltimaMilla_2019-05-118786
330,,,,,,,-71.85192951999994,-13.42473203999998,,2019-05-118804,,UltimaMilla_2019-05-118804
331,,,,,,,-71.53345842999994,-16.425650109999935,,2019-05-118806,,UltimaMilla_2019-05-118806
332,,,,,,,-71.52847444999998,-16.39962468999994,,2019-05-118807,,UltimaMilla_2019-05-118807
333,,,,,,,-79.02979819999996,-8.106195899999932,,2019-05-118815,,UltimaMilla_2019-05-118815
334,,,,,,,-71.95574906999997,-13.320656009999936,,2019-05-118818,,UltimaMilla_2019-05-118818
335,,,,,,,-77.05206249999998,-11.909187499999973,,2019-05-118828,,UltimaMilla_2019-05-118828
336,,,,,,,-70.58879390999994,-14.882575359999976,,2019-05-118846,,UltimaMilla_2019-05-118846
337,,,,,,,-70.19588995999999,-14.908535149999977,,2019-05-118862,,UltimaMilla_2019-05-118862
338,,,,,,,-77.65231293999994,-11.006947259999947,,2019-05-118885,,UltimaMilla_2019-05-118885
339,,,,,,,-69.09467342999994,-16.24664832999997,,2019-05-118892,,UltimaMilla_2019-05-118892
340,,,,,,,-69.63879157999997,-16.087364029999947,,2019-05-118895,,UltimaMilla_2019-05-118895
341,,,,,,,-77.11787999999996,-12.059337999999968,,2019-05-118912,,UltimaMilla_2019-05-118912
342,,,,,,,-69.45872219999995,-16.21289375999993,,2019-05-118958,,UltimaMilla_2019-05-118958
343,,,,,,,-77.20776806999999,-11.49488703999998,,2019-05-118959,,UltimaMilla_2019-05-118959
344,,,,,,,-70.02308520999998,-14.361187379999933,,2019-05-118961,,UltimaMilla_2019-05-118961
345,,,,,,,-76.23954199999997,-9.92435299999994,,2019-05-118963,,UltimaMilla_2019-05-118963
346,,,,,,,-74.53110099999998,-8.384086999999965,,2019-05-118974,,UltimaMilla_2019-05-118974
347,,,,,,,-70.23784756999999,-17.983537099999978,,2019-05-118975,,UltimaMilla_2019-05-118975
348,,,,,,,-70.34926075999994,-15.641957359999935,,2019-05-118979,,UltimaMilla_2019-05-118979
349,,,,,,,-70.02048405999994,-15.848118489999933,,2019-05-118980,,UltimaMilla_2019-05-118980
350,,,,,,,-69.86507199999994,-14.91558299999997,,2019-05-118981,,UltimaMilla_2019-05-118981
351,,,,,,,-71.84315655999995,-16.493530789999966,,2019-05-118984,,UltimaMilla_2019-05-118984
352,,,,,,,-71.52121089999997,-16.399576599999932,,2019-05-119003,,UltimaMilla_2019-05-119003
353,,,,,,,-70.25184942999994,-18.06876214999994,,2019-05-119008,,UltimaMilla_2019-05-119008
354,,,,,,,-72.09337499999998,-16.49043299999994,,2019-05-119015,,UltimaMilla_2019-05-119015
355,,,,,,,-70.25123719999993,-17.268180799999982,,2019-05-119024,,UltimaMilla_2019-05-119024
356,,,,,,,-73.42842499999995,-13.653013999999928,,2019-05-119114,,UltimaMilla_2019-05-119114
357,,,,,,,-75.28027199999997,-11.950746999999978,,2019-05-119128,,UltimaMilla_2019-05-119128
358,,,,,,,-74.55470145999993,-8.380729548999966,,2019-05-119140,,UltimaMilla_2019-05-119140
359,,,,,,,-74.53215559999995,-8.382382133999954,,2019-05-119150,,UltimaMilla_2019-05-119150
360,,,,,,,-71.98954980999997,-13.527054169999928,,2019-05-119159,,UltimaMilla_2019-05-119159
361,,,,,,,-72.06621099999995,-17.002691999999968,,2019-05-119178,,UltimaMilla_2019-05-119178
362,,,,,,,-77.97698999999994,-5.946489999999926,,2019-05-119187,,UltimaMilla_2019-05-119187
363,,,,,,,-74.21988369999997,-13.15711609999994,,2019-05-119197,,UltimaMilla_2019-05-119197
364,,,,,,,-78.81100299999997,-5.710320999999965,,2019-05-119204,,UltimaMilla_2019-05-119204
365,,,,,,,-74.22434336999999,-13.152627709999933,,2019-05-119205,,UltimaMilla_2019-05-119205
366,,,,,,,-79.84782539999998,-6.760945999999933,,2019-05-119206,,UltimaMilla_2019-05-119206
367,,,,,,,-76.18939149999994,-10.442210959999954,,2019-05-119227,,UltimaMilla_2019-05-119227
368,,,,,,,-74.22611991999997,-13.153671189999955,,2019-05-119228,,UltimaMilla_2019-05-119228
369,,,,,,,-75.81335859999996,-10.774473179999973,,2019-05-119244,,UltimaMilla_2019-05-119244
370,,,,,,,-76.46154384999994,-10.455065899999965,,2019-05-119248,,UltimaMilla_2019-05-119248
371,,,,,,,-76.35392669999999,-10.472426799999937,,2019-05-119251,,UltimaMilla_2019-05-119251
372,,,,,,,-76.26661505999994,-10.67209927999994,,2019-05-119256,,UltimaMilla_2019-05-119256
373,,,,,,,-76.36164580999997,-10.999615529999971,,2019-05-119267,,UltimaMilla_2019-05-119267
374,,,,,,,-76.24928546999996,-10.687044779999951,,2019-05-119271,,UltimaMilla_2019-05-119271
375,,,,,,,-76.22234633999994,-10.813631999999927,,2019-05-119273,,UltimaMilla_2019-05-119273
376,,,,,,,-76.64395479999996,-12.696230379999975,,2019-05-119292,,UltimaMilla_2019-05-119292
377,,,,,,,-76.64306564999998,-12.69563901999993,,2019-05-119293,,UltimaMilla_2019-05-119293
378,,,,,,,-78.66597179999997,-8.56035479999997,,2019-05-119323,,UltimaMilla_2019-05-119323
379,,,,,,,-76.16391658999999,-10.53398304999996,,2019-05-119325,,UltimaMilla_2019-05-119325
380,,,,,,,-76.18786421999994,-10.536008119999963,,2019-05-119329,,UltimaMilla_2019-05-119329
381,,,,,,,-76.24494017999996,-10.69149428999998,,2019-05-119366,,UltimaMilla_2019-05-119366
382,,,,,,,-75.86887884999999,-10.644203709999942,,2019-05-119376,,UltimaMilla_2019-05-119376
383,,,,,,,-75.74163364999998,-10.764128289999974,,2019-05-119381,,UltimaMilla_2019-05-119381
384,,,,,,,-70.24543099999994,-18.03800599999994,,2019-05-119391,,UltimaMilla_2019-05-119391
385,,,,,,,-76.58534228999997,-10.507129149999969,,2019-05-119399,,UltimaMilla_2019-05-119399
386,,,,,,,-76.88314399999996,-11.940450999999939,,2019-05-119400,,UltimaMilla_2019-05-119400
387,,,,,,,-72.89119679999999,-13.637688149999974,,2019-05-119431,,UltimaMilla_2019-05-119431
388,,,,,,,-76.23878428999996,-9.940870508999978,,2019-05-119444,,UltimaMilla_2019-05-119444
389,,,,,,,-70.01825403999999,-15.829054929999927,,2019-05-119450,,UltimaMilla_2019-05-119450
390,,,,,,,-80.63311909999999,-5.192827399999942,,2019-05-119454,,UltimaMilla_2019-05-119454
391,,,,,,,-74.55181846999994,-8.382664887999965,,2019-05-119467,,UltimaMilla_2019-05-119467
392,,,,,,,-76.25581647999996,-10.663829479999947,,2019-05-119469,,UltimaMilla_2019-05-119469
393,,,,,,,-76.73565568999999,-7.181165843999963,,2019-05-119569,,UltimaMilla_2019-05-119569
394,,,,,,,-74.96694014999997,-9.376419605999956,,2019-05-119589,,UltimaMilla_2019-05-119589
395,,,,,,,-71.94960752999998,-13.53276496999996,,2019-05-119616,,UltimaMilla_2019-05-119616
396,,,,,,,-77.08694277999996,-11.937605649999966,,2019-05-119617,,UltimaMilla_2019-05-119617
397,,,,,,,-76.85645169999998,-12.29260499999998,,2019-05-119618,,UltimaMilla_2019-05-119618
398,,,,,,,-73.82972023999997,-12.523068599999931,,2019-05-119629,,UltimaMilla_2019-05-119629
399,,,,,,,-70.22750017999994,-17.99366722999997,,2019-05-119646,,UltimaMilla_2019-05-119646
400,,,,,,,-71.62652716999997,-13.687391529999957,,2019-05-119651,,UltimaMilla_2019-05-119651
401,,,,,,,-77.12527289999997,-12.071403199999963,,2019-05-119663,,UltimaMilla_2019-05-119663
402,,,,,,,-76.24103219999995,-9.91942599999993,,2019-05-119664,,UltimaMilla_2019-05-119664
403,,,,,,,-74.55466423999997,-8.380799999999965,,2019-05-119669,,UltimaMilla_2019-05-119669
404,,,,,,,-76.98256377999996,-12.128088069999933,,2019-05-119684,,UltimaMilla_2019-05-119684
405,,,,,,,-71.32810689999997,-17.64946649999996,,2019-05-119758,,UltimaMilla_2019-05-119758
406,,,,,,,-76.12671653999996,-13.416148049999947,,2019-05-119769,,UltimaMilla_2019-05-119769
407,,,,,,,-77.12714599999998,-12.001704999999959,,2019-05-119783,,UltimaMilla_2019-05-119783
408,,,,,,,-69.46573211999998,-14.322204909999982,,2019-05-119841,,UltimaMilla_2019-05-119841
409,,,,,,,-74.95645397999994,-14.851313459999972,,2019-05-119845,,UltimaMilla_2019-05-119845
410,,,,,,,-76.97780809999995,-12.167504699999938,,2019-05-119847,,UltimaMilla_2019-05-119847
411,,,,,,,-70.02950799999996,-15.839492999999948,,2019-05-119858,,UltimaMilla_2019-05-119858
412,,,,,,,-71.58824979999997,-16.35333019999996,,2019-05-119862,,UltimaMilla_2019-05-119862
413,,,,,,,-69.99488350999997,-15.823078349999946,,2019-05-119864,,UltimaMilla_2019-05-119864
414,,,,,,,-77.02949128999995,-12.042252069999961,,2019-05-119969,,UltimaMilla_2019-05-119969
415,,,,,,,-76.84454899999997,-12.005016999999953,,2019-05-119996,,UltimaMilla_2019-05-119996
416,,,,,,,-76.00386659999998,-9.300167899999963,,2019-05-120002,,UltimaMilla_2019-05-120002
417,,,,,,,-69.20952739999996,-12.58856579999997,,2019-05-120027,,UltimaMilla_2019-05-120027
418,,,,,,,-79.78416880999998,-6.627616308999961,,2019-05-120049,,UltimaMilla_2019-05-120049
419,,,,,,,-71.51593399999996,-16.41776299999998,,2019-05-120050,,UltimaMilla_2019-05-120050
420,,,,,,,-70.13623899999993,-15.493074999999976,,2019-05-120065,,UltimaMilla_2019-05-120065
421,,,,,,,-73.25485432999994,-3.7519966919999774,,2019-05-120070,,UltimaMilla_2019-05-120070
422,,,,,,,-76.23139565999998,-11.637901829999976,,2019-05-120097,,UltimaMilla_2019-05-120097
423,,,,,,,-72.17461286999998,-13.947761379999974,,2019-05-120101,,UltimaMilla_2019-05-120101
424,,,,,,,-79.63936199999995,-6.735453999999947,,2019-05-120169,,UltimaMilla_2019-05-120169
425,,,,,,,-77.13549721999993,-11.734279669999978,,2019-05-120177,,UltimaMilla_2019-05-120177
426,,,,,,,-76.93322199999994,-12.231441999999959,,2019-05-120197,,UltimaMilla_2019-05-120197
427,,,,,,,-77.20686699999999,-11.49045899999993,,2019-05-120199,,UltimaMilla_2019-05-120199
428,,,,,,,-78.53552729999996,-5.639856599999973,,2019-05-120226,,UltimaMilla_2019-05-120226
429,,,,,,,-78.63337791999999,-8.580049754999948,,2019-05-120236,,UltimaMilla_2019-05-120236
430,,,,,,,-76.83330899999999,-12.280492999999979,,2019-05-120249,,UltimaMilla_2019-05-120249
431,,,,,,,-72.71121365999994,-16.622947219999958,,2019-05-120253,,UltimaMilla_2019-05-120253
432,,,,,,,-76.98368749999997,-11.947312499999953,,2019-05-120254,,UltimaMilla_2019-05-120254
433,,,,,,,-76.91608499999995,-12.010778999999957,,2019-05-120260,,UltimaMilla_2019-05-120260
434,,,,,,,-77.05563756999999,-12.077914859999964,,2019-05-120274,,UltimaMilla_2019-05-120274
435,,,,,,,-77.12656399999997,-12.028038999999978,,2019-05-120346,,UltimaMilla_2019-05-120346
436,,,,,,,-73.24683935999997,-3.7545310269999277,,2019-05-120349,,UltimaMilla_2019-05-120349
437,,,,,,,-71.95196658999998,-13.525805589999948,,2019-05-120351,,UltimaMilla_2019-05-120351
438,,,,,,,-71.85012499999993,-13.423123999999973,,2019-05-120357,,UltimaMilla_2019-05-120357
439,,,,,,,-71.95616123999997,-13.32117016999996,,2019-05-120359,,UltimaMilla_2019-05-120359
440,,,,,,,-69.63852999999995,-16.08403999999996,,2019-05-120364,,UltimaMilla_2019-05-120364
441,,,,,,,-73.24753599999997,-14.29511999999994,,2019-05-120374,,UltimaMilla_2019-05-120374
442,,,,,,,-70.22750017999994,-17.99366722999997,,2019-05-120389,,UltimaMilla_2019-05-120389
443,,,,,,,-76.99768899999998,-12.215323999999953,,2019-05-120419,,UltimaMilla_2019-05-120419
444,,,,,,,-79.04936633999995,-8.137042668999925,,2019-05-120423,,UltimaMilla_2019-05-120423
445,,,,,,,-79.83593256999995,-6.76953229399993,,2019-05-120436,,UltimaMilla_2019-05-120436
446,,,,,,,-74.52799860999994,-8.384385451999947,,2019-05-120478,,UltimaMilla_2019-05-120478
447,,,,,,,-73.26782706999995,-3.765688878999981,,2019-05-120480,,UltimaMilla_2019-05-120480
448,,,,,,,-76.58966099999998,-7.057438999999931,,2019-05-120493,,UltimaMilla_2019-05-120493
449,,,,,,,-70.95719999999994,-17.211303999999927,,2019-05-120501,,UltimaMilla_2019-05-120501
450,,,,,,,-72.52644699999996,-13.154487999999958,,2019-05-120544,,UltimaMilla_2019-05-120544
451,,,,,,,-76.14179608999996,-12.96083490999996,,2019-05-120545,,UltimaMilla_2019-05-120545
452,,,,,,,-79.02686839999996,-2.8923131999999327,,2019-05-120548,,UltimaMilla_2019-05-120548
453,,,,,,,-76.92260285999998,-12.01926857999996,,2019-05-120574,,UltimaMilla_2019-05-120574
454,,,,,,,-72.57668239999998,-12.768222199999968,,2019-05-120577,,UltimaMilla_2019-05-120577
455,,,,,,,-76.98656399999999,-12.06231699999995,,2019-05-120580,,UltimaMilla_2019-05-120580
456,,,,,,,-76.63644367999996,-12.656700999999941,,2019-05-120581,,UltimaMilla_2019-05-120581
457,,,,,,,-76.24816389999995,-9.959041999999954,,2019-05-120584,,UltimaMilla_2019-05-120584
458,,,,,,,-76.77512929999995,-11.973823649999929,,2019-05-120586,,UltimaMilla_2019-05-120586
459,,,,,,,-77.09810652999994,-12.00885723999994,,2019-05-120590,,UltimaMilla_2019-05-120590
460,,,,,,,-72.59426932999997,-13.130556989999945,,2019-05-120600,,UltimaMilla_2019-05-120600
461,,,,,,,-79.86475995999996,-6.546929004999981,,2019-05-120611,,UltimaMilla_2019-05-120611
462,,,,,,,-77.06035486999997,-12.00684334999994,,2019-05-120637,,UltimaMilla_2019-05-120637
463,,,,,,,-77.04988298999996,-12.030188559999942,,2019-05-120651,,UltimaMilla_2019-05-120651
464,,,,,,,-79.74769499999996,-5.988844814999936,,2019-05-120670,,UltimaMilla_2019-05-120670
465,,,,,,,-79.83444059999994,-6.772407299999941,,2019-05-120694,,UltimaMilla_2019-05-120694
466,,,,,,,-77.60846756999996,-11.108560959999977,,2019-05-120708,,UltimaMilla_2019-05-120708
467,,,,,,,-77.00052479999994,-12.178650799999957,,2019-05-120713,,UltimaMilla_2019-05-120713
468,,,,,,,-77.00070939999995,-12.178861799999936,,2019-05-120718,,UltimaMilla_2019-05-120718
469,,,,,,,-77.12886016999994,-11.876883729999975,,2019-05-120723,,UltimaMilla_2019-05-120723
470,,,,,,,-77.05854029999995,-11.957887899999946,,2019-05-120727,,UltimaMilla_2019-05-120727
471,,,,,,,-77.03263789999994,-12.066298299999971,,2019-05-120737,,UltimaMilla_2019-05-120737
472,,,,,,,-77.05777636999994,-11.964866729999926,,2019-05-120739,,UltimaMilla_2019-05-120739
473,,,,,,,-76.37409457999996,-6.484184035999931,,2019-05-120745,,UltimaMilla_2019-05-120745
474,,,,,,,-76.27104999999995,-10.761499999999955,,2019-05-120746,,UltimaMilla_2019-05-120746
475,,,,,,,-77.05913892999996,-11.964549229999932,,2019-05-120749,,UltimaMilla_2019-05-120749
476,,,,,,,-77.06408207999993,-11.965049049999948,,2019-05-120750,,UltimaMilla_2019-05-120750
477,,,,,,,-71.51191623999995,-16.452334049999934,,2019-05-120773,,UltimaMilla_2019-05-120773
478,,,,,,,-76.25305939999998,-10.663712399999952,,2019-05-120786,,UltimaMilla_2019-05-120786
479,,,,,,,-76.73497684999995,-12.512062619999938,,2019-05-120789,,UltimaMilla_2019-05-120789
480,,,,,,,-76.73503049999994,-12.512018109999929,,2019-05-120790,,UltimaMilla_2019-05-120790
481,,,,,,,-70.02056459999994,-15.841823599999941,,2019-05-120798,,UltimaMilla_2019-05-120798
482,,,,,,,-72.08151912999995,-14.450840829999947,,2019-05-120802,,UltimaMilla_2019-05-120802
483,,,,,,,-74.52975099999998,-8.381549899999925,,2019-05-120810,,UltimaMilla_2019-05-120810
484,,,,,,,-77.07750661999995,-11.943279579999967,,2019-05-120818,,UltimaMilla_2019-05-120818
485,,,,,,,-77.04668669999995,-11.893252209999957,,2019-05-120824,,UltimaMilla_2019-05-120824
486,,,,,,,-78.59223819999994,-9.07147569999995,,2019-05-120827,,UltimaMilla_2019-05-120827
487,,,,,,,-72.70976477999994,-16.621708289999958,,2019-05-120828,,UltimaMilla_2019-05-120828
488,,,,,,,-77.01467692999995,-12.207862599999942,,2019-05-120831,,UltimaMilla_2019-05-120831
489,,,,,,,-77.03698642999996,-11.90496577999994,,2019-05-120833,,UltimaMilla_2019-05-120833
490,,,,,,,-71.59597933999999,-13.31741115999995,,2019-05-120849,,UltimaMilla_2019-05-120849
491,,,,,,,-75.32390449999997,-11.05347949999998,,2019-05-120855,,UltimaMilla_2019-05-120855
492,,,,,,,-71.84704880999993,-13.761334959999942,,2019-05-120861,,UltimaMilla_2019-05-120861
493,,,,,,,-77.07196561999996,-11.972270979999962,,2019-05-120862,,UltimaMilla_2019-05-120862
494,,,,,,,-77.11368489999995,-11.840575499999943,,2019-05-120869,,UltimaMilla_2019-05-120869
495,,,,,,,-72.69553291999995,-13.539130229999955,,2019-05-120876,,UltimaMilla_2019-05-120876
496,,,,,,,-77.09065579999998,-12.059887099999969,,2019-05-120878,,UltimaMilla_2019-05-120878
497,,,,,,,-70.59050932999997,-14.881941099999949,,2019-05-120881,,UltimaMilla_2019-05-120881
498,,,,,,,-70.43167972999998,-14.068491779999931,,2019-05-120883,,UltimaMilla_2019-05-120883
499,,,,,,,-77.07017994999995,-12.010340889999952,,2019-05-120885,,UltimaMilla_2019-05-120885
500,,,,,,,-74.98008665999998,-12.78455219999995,,2019-05-120887,,UltimaMilla_2019-05-120887
501,,,,,,,-77.09460813999993,-12.027978479999945,,2019-05-120888,,UltimaMilla_2019-05-120888
502,,,,,,,-77.06214172999995,-11.941562259999955,,2019-05-120893,,UltimaMilla_2019-05-120893
503,,,,,,,-76.94404747999994,-12.10036324999993,,2019-05-120894,,UltimaMilla_2019-05-120894
504,,,,,,,-76.99963255999995,-12.030926539999939,,2019-05-120898,,UltimaMilla_2019-05-120898
505,,,,,,,-72.69218749999999,-12.860437499999932,,2019-05-120904,,UltimaMilla_2019-05-120904
506,,,,,,,-77.52662231999994,-9.533903359999954,,2019-05-120909,,UltimaMilla_2019-05-120909
507,,,,,,,-77.05554589999997,-12.100627999999972,,2019-05-120913,,UltimaMilla_2019-05-120913
508,,,,,,,-76.58902999999998,-7.058496999999932,,2019-05-120915,,UltimaMilla_2019-05-120915
509,,,,,,,-76.83674509999997,-12.295814599999972,,2019-05-120920,,UltimaMilla_2019-05-120920
510,,,,,,,-72.19648599999994,-16.36625799999996,,2019-05-120929,,UltimaMilla_2019-05-120929
511,,,,,,,-75.23795699999994,-12.028951899999981,,2019-05-120930,,UltimaMilla_2019-05-120930
512,,,,,,,-77.52703630999997,-9.53251664399994,,2019-05-120940,,UltimaMilla_2019-05-120940
513,,,,,,,-77.12478049999999,-11.866173699999933,,2019-05-120979,,UltimaMilla_2019-05-120979
514,,,,,,,-73.25216340999998,-3.7507538999999497,,2019-05-120998,,UltimaMilla_2019-05-120998
515,,,,,,,-75.19827999999995,-12.082286999999951,,2019-05-121007,,UltimaMilla_2019-05-121007
516,,,,,,,-76.77188829999994,-6.933178199999929,,2019-05-121017,,UltimaMilla_2019-05-121017
517,,,,,,,-76.69419675999995,-6.61408982599994,,2019-05-121020,,UltimaMilla_2019-05-121020
518,,,,,,,-76.02158640999994,-14.116390949999982,,2019-05-121026,,UltimaMilla_2019-05-121026
519,,,,,,,-76.00101541999999,-14.142260979999946,,2019-05-121029,,UltimaMilla_2019-05-121029
520,,,,,,,-76.26948463999997,-10.67514491999998,,2019-05-121032,,UltimaMilla_2019-05-121032
521,,,,,,,-75.96813709999998,-13.717599099999973,,2019-05-121035,,UltimaMilla_2019-05-121035
522,,,,,,,-76.33071478999994,-6.9199473899999475,,2019-05-121036,,UltimaMilla_2019-05-121036
523,,,,,,,-77.08409091999994,-12.058251279999979,,2019-05-121047,,UltimaMilla_2019-05-121047
524,,,,,,,-79.84056099999998,-6.767960999999957,,2019-05-121050,,UltimaMilla_2019-05-121050
525,,,,,,,-77.06261399999994,-11.909757999999954,,2019-05-121052,,UltimaMilla_2019-05-121052
526,,,,,,,-79.83760399999994,-6.763010999999949,,2019-05-121053,,UltimaMilla_2019-05-121053
527,,,,,,,-69.99298237999994,-15.827980219999972,,2019-05-121066,,UltimaMilla_2019-05-121066
528,,,,,,,-80.63303608999996,-5.201341123999953,,2019-05-121067,,UltimaMilla_2019-05-121067
529,,,,,,,-74.14363109999994,-13.628945199999976,,2019-05-121069,,UltimaMilla_2019-05-121069
530,,,,,,,-73.78185349999995,-15.015179599999954,,2019-05-121076,,UltimaMilla_2019-05-121076
531,,,,,,,-73.78919979999995,-12.624116799999967,,2019-05-121077,,UltimaMilla_2019-05-121077
532,,,,,,,-73.97708999999998,-13.013187999999957,,2019-05-121086,,UltimaMilla_2019-05-121086
533,,,,,,,-79.84234299999997,-6.772524999999973,,2019-05-121099,,UltimaMilla_2019-05-121099
534,,,,,,,-76.83557324999998,-12.284264709999945,,2019-05-121104,,UltimaMilla_2019-05-121104
535,,,,,,,-73.24370855999996,-14.295182599999976,,2019-05-121108,,UltimaMilla_2019-05-121108
536,,,,,,,-77.08266349999997,-12.082516999999939,,2019-05-121114,,UltimaMilla_2019-05-121114
537,,,,,,,-77.25564726999994,-11.580549359999964,,2019-05-121116,,UltimaMilla_2019-05-121116
538,,,,,,,-77.13112381999997,-11.433463519999975,,2019-05-121122,,UltimaMilla_2019-05-121122
539,,,,,,,-75.75005022999994,-14.236456339999961,,2019-05-121125,,UltimaMilla_2019-05-121125
540,,,,,,,-77.09299400999998,-11.859925069999974,,2019-05-121126,,UltimaMilla_2019-05-121126
541,,,,,,,-76.81344312999994,-12.259393839999973,,2019-05-121130,,UltimaMilla_2019-05-121130
542,,,,,,,-77.25483134999996,-11.579590019999955,,2019-05-121137,,UltimaMilla_2019-05-121137
543,,,,,,,-77.25424661999995,-11.580588509999927,,2019-05-121140,,UltimaMilla_2019-05-121140
544,,,,,,,-77.25678935999997,-11.580254809999929,,2019-05-121143,,UltimaMilla_2019-05-121143
545,,,,,,,-77.25631192999998,-11.581287459999942,,2019-05-121144,,UltimaMilla_2019-05-121144
546,,,,,,,-79.56830999999994,-7.401043999999956,,2019-05-121156,,UltimaMilla_2019-05-121156
547,,,,,,,-80.68699099999998,-4.8984949999999685,,2019-05-121157,,UltimaMilla_2019-05-121157
548,,,,,,,-80.69380099999995,-4.895778999999948,,2019-05-121160,,UltimaMilla_2019-05-121160
549,,,,,,,-77.05930699999999,-11.948462699999936,,2019-05-121201,,UltimaMilla_2019-05-121201
550,,,,,,,-77.05486062999995,-11.962059169999975,,2019-05-121203,,UltimaMilla_2019-05-121203
551,,,,,,,-76.84987138999998,-12.294310669999959,,2019-05-121205,,UltimaMilla_2019-05-121205
552,,,,,,,-75.27128187999995,-10.738904919999982,,2019-05-121211,,UltimaMilla_2019-05-121211
553,,,,,,,-77.12756299999995,-11.950105999999948,,2019-05-121213,,UltimaMilla_2019-05-121213
554,,,,,,,-77.04217615999994,-11.929481409999937,,2019-05-121214,,UltimaMilla_2019-05-121214
555,,,,,,,-77.04006914999997,-11.901940149999973,,2019-05-121215,,UltimaMilla_2019-05-121215
556,,,,,,,-77.04943249999997,-11.957269399999973,,2019-05-121216,,UltimaMilla_2019-05-121216
557,,,,,,,-77.37383299999993,-11.429439999999943,,2019-05-121217,,UltimaMilla_2019-05-121217
558,,,,,,,-71.22262999999998,-14.280402799999933,,2019-05-121224,,UltimaMilla_2019-05-121224
559,,,,,,,-79.43381879999998,-7.7001723999999285,,2019-05-121231,,UltimaMilla_2019-05-121231
560,,,,,,,-73.24093311999997,-3.7404648399999587,,2019-05-121233,,UltimaMilla_2019-05-121233
561,,,,,,,-76.23886229999994,-13.784111399999972,,2019-05-121237,,UltimaMilla_2019-05-121237
562,,,,,,,-76.94154419999995,-12.216221799999971,,2019-05-121240,,UltimaMilla_2019-05-121240
563,,,,,,,-77.10047631999998,-12.027249869999935,,2019-05-121245,,UltimaMilla_2019-05-121245
564,,,,,,,-77.08718299999998,-12.083617999999944,,2019-05-121248,,UltimaMilla_2019-05-121248
565,,,,,,,-77.37872599999997,-11.44626999999997,,2019-05-121252,,UltimaMilla_2019-05-121252
566,,,,,,,-71.55596563999995,-16.40573619999998,,2019-05-121253,,UltimaMilla_2019-05-121253
567,,,,,,,-77.46870399999995,-11.274100999999973,,2019-05-121258,,UltimaMilla_2019-05-121258
568,,,,,,,-80.63151299999998,-5.172139999999956,,2019-05-121259,,UltimaMilla_2019-05-121259
569,,,,,,,-77.45869599999997,-11.276943999999958,,2019-05-121264,,UltimaMilla_2019-05-121264
570,,,,,,,-71.95434699999998,-13.32174299999997,,2019-05-121265,,UltimaMilla_2019-05-121265
571,,,,,,,-71.61342699999994,-16.453651999999977,,2019-05-121282,,UltimaMilla_2019-05-121282
572,,,,,,,-75.39141666999996,-11.885361099999955,,2019-05-121287,,UltimaMilla_2019-05-121287
573,,,,,,,-70.10202777999996,-15.575611099999946,,2019-05-121293,,UltimaMilla_2019-05-121293
574,,,,,,,-71.57038299999994,-16.38498599999997,,2019-05-121300,,UltimaMilla_2019-05-121300
575,,,,,,,-77.03013300999999,-12.05597905999997,,2019-05-121307,,UltimaMilla_2019-05-121307
576,,,,,,,-70.59003673999996,-14.883519099999944,,2019-05-121308,,UltimaMilla_2019-05-121308
577,,,,,,,-71.51488899999998,-12.109209699999951,,2019-05-121309,,UltimaMilla_2019-05-121309
578,,,,,,,-76.23644562999993,-10.840659849999952,,2019-05-121310,,UltimaMilla_2019-05-121310
579,,,,,,,-73.26308299999994,-3.7657499999999686,,2019-05-121311,,UltimaMilla_2019-05-121311
580,,,,,,,-70.02482733999994,-15.83282005999996,,2019-05-121312,,UltimaMilla_2019-05-121312
581,,,,,,,-79.06079799999998,-8.03982039999994,,2019-05-121315,,UltimaMilla_2019-05-121315
582,,,,,,,-77.52810492999998,-9.52954522799996,,2019-05-121328,,UltimaMilla_2019-05-121328
583,,,,,,,-75.69327669999996,-14.239267199999972,,2019-05-121329,,UltimaMilla_2019-05-121329
584,,,,,,,-75.22358853999998,-12.138149969999972,,2019-05-121332,,UltimaMilla_2019-05-121332
585,,,,,,,-70.12831464999994,-15.493097409999962,,2019-05-121335,,UltimaMilla_2019-05-121335
586,,,,,,,-76.17003479999994,-13.79034299999995,,2019-05-121342,,UltimaMilla_2019-05-121342
587,,,,,,,-76.12370764999997,-13.39240497999998,,2019-05-121353,,UltimaMilla_2019-05-121353
588,,,,,,,-71.59439912999994,-16.32712775999994,,2019-05-121355,,UltimaMilla_2019-05-121355
589,,,,,,,-75.21891449999998,-12.05450529999996,,2019-05-121361,,UltimaMilla_2019-05-121361
590,,,,,,,-74.86801946999998,-12.398337959999935,,2019-05-121364,,UltimaMilla_2019-05-121364
591,,,,,,,-75.26894837999998,-10.736406089999946,,2019-05-121366,,UltimaMilla_2019-05-121366
592,,,,,,,-73.82539367999993,-12.51716437999994,,2019-05-121368,,UltimaMilla_2019-05-121368
593,,,,,,,-73.82538563999998,-12.517156519999958,,2019-05-121371,,UltimaMilla_2019-05-121371
594,,,,,,,-76.05791340999997,-10.922949609999932,,2019-05-121372,,UltimaMilla_2019-05-121372
595,,,,,,,-76.86299499999996,-12.282672999999932,,2019-05-121374,,UltimaMilla_2019-05-121374
596,,,,,,,-75.21752519999995,-12.075562799999943,,2019-05-121378,,UltimaMilla_2019-05-121378
597,,,,,,,-75.31257612999997,-11.918096489999925,,2019-05-121384,,UltimaMilla_2019-05-121384
598,,,,,,,-77.01110685999998,-12.187742559999947,,2019-05-121392,,UltimaMilla_2019-05-121392
599,,,,,,,-78.53500559999998,-5.632146023999951,,2019-05-121394,,UltimaMilla_2019-05-121394
600,,,,,,,-76.12735499999997,-13.397341499999982,,2019-05-121400,,UltimaMilla_2019-05-121400
601,,,,,,,-77.20473058999994,-11.494572689999927,,2019-05-121401,,UltimaMilla_2019-05-121401
602,,,,,,,-76.99729708999996,-12.075701169999945,,2019-05-121402,,UltimaMilla_2019-05-121402
603,,,,,,,-77.02045221999998,-12.067542959999969,,2019-05-121406,,UltimaMilla_2019-05-121406
604,,,,,,,-69.29314677999997,-16.27353494999994,,2019-05-121408,,UltimaMilla_2019-05-121408
605,,,,,,,-70.13601221999994,-15.485365829999978,,2019-05-121410,,UltimaMilla_2019-05-121410
606,,,,,,,-74.88910719999996,-8.561177399999963,,2019-05-121414,,UltimaMilla_2019-05-121414
607,,,,,,,-71.54756399999997,-16.41846069999997,,2019-05-121424,,UltimaMilla_2019-05-121424
608,,,,,,,-76.20453167999995,-13.709443979999946,,2019-05-121425,,UltimaMilla_2019-05-121425
609,,,,,,,-80.24481963999995,-3.481573581999953,,2019-05-121444,,UltimaMilla_2019-05-121444
610,,,,,,,-77.08361399999995,-12.033504999999934,,2019-05-121446,,UltimaMilla_2019-05-121446
611,,,,,,,-73.24727119999994,-3.7445399999999722,,2019-05-121467,,UltimaMilla_2019-05-121467
612,,,,,,,-76.36640389999997,-6.484493199999974,,2019-05-121485,,UltimaMilla_2019-05-121485
613,,,,,,,-76.25485936999996,-10.665498499999956,,2019-05-121486,,UltimaMilla_2019-05-121486
614,,,,,,,-77.01141453999998,-11.983274329999972,,2019-05-121488,,UltimaMilla_2019-05-121488
615,,,,,,,-73.79010870999997,-12.623149599999977,,2019-05-121494,,UltimaMilla_2019-05-121494
616,,,,,,,-75.28457152999994,-11.951034629999981,,2019-05-121512,,UltimaMilla_2019-05-121512
617,,,,,,,-71.55637497999999,-16.429636079999966,,2019-05-121535,,UltimaMilla_2019-05-121535
618,,,,,,,-76.50983061999995,-8.18923508399996,,2019-05-121541,,UltimaMilla_2019-05-121541
619,,,,,,,-80.62501699999996,-5.193533999999943,,2019-05-121547,,UltimaMilla_2019-05-121547
620,,,,,,,-71.54737820999998,-16.391150799999934,,2019-05-121562,,UltimaMilla_2019-05-121562
621,,,,,,,-70.59032744999996,-14.880019279999942,,2019-05-121565,,UltimaMilla_2019-05-121565
622,,,,,,,-75.23443389999994,-12.030012929999941,,2019-05-121581,,UltimaMilla_2019-05-121581
623,,,,,,,-74.53012519999999,-8.38678189999996,,2019-05-121591,,UltimaMilla_2019-05-121591
624,,,,,,,-75.49817920999999,-11.778335519999928,,2019-05-121605,,UltimaMilla_2019-05-121605
